1977.2625, 1.0098801,
1977.2829, 1.0096250,
1977.3033, 1.0093690,
1977.3646, 1.0085354,
1977.3851, 1.0083972,
1977.4055, 1.0083232,
1977.4259, 1.0080539,
1977.4464, 1.0076882,
1977.4668, 1.0077945,
1977.5077, 1.0070827,
1977.5281, 1.0069015,
1977.5485, 1.0066771,
1977.5690, 1.0063967,
1977.5894, 1.0064149,
1977.6098, 1.0059742,
1977.6303, 1.0059524,
1977.6507, 1.0055960,
1977.6711, 1.0054586,
1977.6916, 1.0053182,
1977.7120, 1.0051202,
1977.7324, 1.0048305,
1977.7529, 1.0044858,
1977.7733, 1.0044309,
1977.7937, 1.0041687,
1977.8141, 1.0039345,
1977.8346, 1.0038397,
1977.8550, 1.0035244,
1977.8754, 1.0034834,
1977.8959, 1.0033008,
1977.9163, 1.0031471,
1977.9367, 1.0030366,
1977.9572, 1.0028932,
1977.9776, 1.0026698,
1977.9980, 1.0022967,
1978.0185, 1.0022855,
1978.0389, 1.0019715,
1978.0593, 1.0017469,
1978.0798, 1.0018554,
1978.1002, 1.0013776,
1978.1206, 1.0013450,
1978.1411, 1.0012276,
1978.1615, 1.0009877,
1978.1819, 1.0007597,
1978.2024, 1.0005443,
1978.2228, 1.0004103,
1978.2432, 1.0003088,
1978.2637, 1.0002623,
1978.2841, 1.0002058,
1978.3045, 0.99985659,
1978.3250, 0.99963389,
1978.3454, 0.99960588,
1978.3658, 0.99934332,
1978.3863, 0.99923351,
1978.4067, 0.99915860,
1978.4271, 0.99890311,
1978.4475, 0.99886097,
1978.4680, 0.99862202,
1978.4884, 0.99848691,
1978.5088, 0.99840597,
1978.5293, 0.99826623,
1978.5906, 0.99794639,
1978.6110, 0.99791296,
1978.6314, 0.99777425,
1978.6519, 0.99751749,
1978.6723, 0.99753221,
1978.6927, 0.99745981,
1978.7132, 0.99763206,
1978.7336, 0.99728296,
1978.7540, 0.99708098,
1978.7745, 0.99718757,
1978.7949, 0.99705503,
1978.8153, 0.99703845,
1978.8358, 0.99700846,
1978.8562, 0.99672609,
1978.8766, 0.99667843,
1978.9175, 0.99668635,
1978.9379, 0.99662657,
1978.9584, 0.99655422,
1978.9992, 0.99630512,
1979.0197, 0.99644824,
1979.0605, 0.99610003,
1979.0809, 0.99612945,
1979.1014, 0.99603849,
1979.1218, 0.99603119,
1979.1422, 0.99601583,
1979.1627, 0.99600456,
1979.1831, 0.99602821,
1979.2035, 0.99584732,
1979.2240, 0.99587462,
1979.2444, 0.99595542,
1979.2648, 0.99589695,
1979.2853, 0.99575712,
1979.3057, 0.99565525,
1979.3261, 0.99566893,
1979.3466, 0.99572917,
1979.3670, 0.99575805,
1979.3874, 0.99594078,
1979.4079, 0.99568708,
1979.4283, 0.99570153,
1979.4487, 0.99572127,
1979.4692, 0.99584327,
1979.4896, 0.99580747,
1979.5100, 0.99593052,
1979.5305, 0.99590391,
1979.5509, 0.99582778,
1979.5713, 0.99573023,
1979.5918, 0.99584942,
1979.6122, 0.99586410,
1979.6326, 0.99560171,
1979.6531, 0.99588150,
1979.6735, 0.99595340,
1979.6939, 0.99586420,
1979.7143, 0.99595887,
1979.7348, 0.99600381,
1979.7756, 0.99567077,
1979.7961, 0.99575663,
1979.8165, 0.99595926,
1979.8369, 0.99602339,
1979.8574, 0.99598076,
1979.8778, 0.99594960,
1979.8982, 0.99620689,
1979.9187, 0.99614616,
1979.9391, 0.99608763,
1979.9595, 0.99633165,
1979.9800, 0.99632412,
1980.0004, 0.99619079,
1980.0208, 0.99656543,
1980.0413, 0.99639723,
1980.0617, 0.99667593,
1980.0821, 0.99672415,
1980.1026, 0.99673301,
1980.1230, 0.99691129,
1980.1434, 0.99696181,
1980.1639, 0.99691586,
1980.1843, 0.99717626,
1980.2047, 0.99719736,
1980.2252, 0.99727553,
1980.2456, 0.99730036,
1980.2660, 0.99742501,
1980.2864, 0.99723094,
1980.3069, 0.99750222,
1980.3273, 0.99741138,
1980.3477, 0.99737525,
1980.3682, 0.99763243,
1980.3886, 0.99779837,
1980.4090, 0.99794750,
1980.4295, 0.99808850,
1980.4499, 0.99804007,
1980.4703, 0.99802089,
1980.4908, 0.99806436,
1980.5112, 0.99817069,
1980.5316, 0.99827799,
1980.5521, 0.99837606,
1980.5725, 0.99840148,
1980.5929, 0.99836582,
1980.6134, 0.99833781,
1980.6338, 0.99855735,
1980.6542, 0.99833389,
1980.6747, 0.99851842,
1980.6951, 0.99850388,
1980.7155, 0.99863612,
1980.7360, 0.99843965,
1980.7564, 0.99861024,
1980.7768, 0.99855373,
1980.7973, 0.99871552,
1980.8177, 0.99863916,
1980.8381, 0.99869579,
1980.8586, 0.99881267,
1980.8790, 0.99864840,
1980.8994, 0.99869549,
1980.9198, 0.99878164,
1980.9403, 0.99892781,
1980.9607, 0.99859599,
1980.9811, 0.99878006,
1981.0424, 0.99849749,
1981.0629, 0.99839901,
1981.0833, 0.99844555,
1981.1037, 0.99848589,
1981.1242, 0.99832896,
1981.1446, 0.99855625,
1981.1650, 0.99834146,
1981.1855, 0.99830317,
1981.2059, 0.99824748,
1981.2263, 0.99845709,
1981.2468, 0.99841392,
1981.2672, 0.99820198,
1981.2876, 0.99839107,
1981.3081, 0.99846286,
1981.3285, 0.99837803,
1981.3489, 0.99823271,
1981.3694, 0.99856228,
1981.3898, 0.99833383,
1981.4102, 0.99835574,
1981.4307, 0.99822656,
1981.4511, 0.99835035,
1981.5941, 0.99811265,
1981.6145, 0.99818951,
1981.6350, 0.99780977,
1981.6554, 0.99775898,
1981.6758, 0.99764989,
1981.6963, 0.99740565,
1981.7167, 0.99743038,
1981.7371, 0.99744464,
1981.7576, 0.99719397,
1981.7780, 0.99730136,
1981.7984, 0.99712771,
1981.8189, 0.99692433,
1981.8393, 0.99675707,
1981.8597, 0.99666629,
1981.8802, 0.99655230,
1981.9006, 0.99650733,
1981.9210, 0.99654032,
1981.9415, 0.99623044,
1981.9619, 0.99616244,
1981.9823, 0.99599539,
1982.0028, 0.99582886,
1982.0232, 0.99574628,
1982.0640, 0.99537883,
1982.0845, 0.99530162,
1982.1049, 0.99537367,
1982.1253, 0.99534040,
1982.1458, 0.99503011,
1982.1662, 0.99485011,
1982.1866, 0.99477338,
1982.2071, 0.99453364,
1982.2275, 0.99446288,
1982.2479, 0.99430405,
1982.2684, 0.99408724,
1982.2888, 0.99389269,
1982.3092, 0.99390432,
1982.3297, 0.99379897,
1982.3501, 0.99364604,
1982.3705, 0.99346128,
1982.3910, 0.99320139,
1982.4114, 0.99315768,
1982.4318, 0.99284519,
1982.4523, 0.99295302,
1982.4727, 0.99286293,
1982.4931, 0.99251669,
1982.5136, 0.99247648,
1982.5340, 0.99217766,
1982.5544, 0.99205564,
1982.5749, 0.99194510,
1982.5953, 0.99191776,
1982.6157, 0.99180998,
1982.6362, 0.99159755,
1982.6566, 0.99141722,
1982.6770, 0.99148694,
1982.6974, 0.99121857,
1982.7179, 0.99116054,
1982.7383, 0.99090959,
1982.7587, 0.99082837,
1982.7792, 0.99102531,
1982.7996, 0.99065498,
1982.8200, 0.99068147,
1982.8405, 0.99067434,
1982.8609, 0.99041975,
1982.8813, 0.99035453,
1982.9018, 0.99039552,
1982.9222, 0.99012164,
1982.9426, 0.99023740,
1982.9835, 0.98972758,
1983.0039, 0.98969343,
1983.0244, 0.98958829,
1983.0448, 0.98965215,
1983.0652, 0.98919270,
1983.0857, 0.98961000,
1983.1061, 0.98935767,
1983.1265, 0.98936695,
1983.1470, 0.98915060,
1983.1674, 0.98917305,
1983.1878, 0.98941948,
1983.2083, 0.98927310,
1983.2287, 0.98932109,
1983.2491, 0.98932874,
1983.2695, 0.98919634,
1983.3104, 0.98919867,
1983.3308, 0.98913654,
1983.3513, 0.98918883,
1983.3717, 0.98934574,
1983.3921, 0.98947461,
1983.4126, 0.98942267,
1983.4330, 0.98946365,
1983.4943, 0.98962236,
1983.5147, 0.98963690,
1983.5352, 0.98984120,
1983.5556, 0.98987716,
1983.5760, 0.98999649,
1983.5965, 0.98975536,
1983.6169, 0.98987090,
1983.6373, 0.99039141,
1983.6578, 0.99012602,
1983.6782, 0.99029001,
1983.6986, 0.99038845,
1983.7191, 0.99044288,
1983.7395, 0.99070701,
1983.7599, 0.99070462,
1983.7804, 0.99104967,
1983.8008, 0.99106186,
1983.8212, 0.99105388,
1983.8416, 0.99134238,
1983.8621, 0.99145996,
1983.8825, 0.99168337,
1983.9029, 0.99180111,
1983.9234, 0.99183857,
1983.9438, 0.99231884,
1983.9642, 0.99221929,
1983.9847, 0.99279169,
1984.0051, 0.99279429,
1984.0255, 0.99290175,
1984.0460, 0.99354344,
1984.0664, 0.99341456,
1984.0868, 0.99365692,
1984.1073, 0.99392358,
1984.1277, 0.99432831,
1984.1481, 0.99445998,
1984.1686, 0.99456199,
1984.1890, 0.99494482,
1984.2094, 0.99516386,
1984.2299, 0.99555971,
1984.2503, 0.99584497,
1984.2707, 0.99618195,
1984.2912, 0.99619186,
1984.3116, 0.99646881,
1984.3320, 0.99699149,
1984.3525, 0.99699009,
1984.3729, 0.99730357,
1984.3933, 0.99756932,
1984.4137, 0.99808617,
1984.4750, 0.99849032,
1984.4955, 0.99866242,
1984.5159, 0.99920914,
1984.5363, 0.99921262,
1984.5568, 0.99985427,
1984.5772, 1.0000853,
1984.5976, 1.0002243,
1984.6181, 1.0003407,
1984.6385, 1.0005590,
1984.6589, 1.0011824,
1984.6794, 1.0014390,
1984.6998, 1.0017160,
1984.7202, 1.0020211,
1984.7407, 1.0024202,
1984.7611, 1.0022918,
1984.7815, 1.0031264,
1984.8020, 1.0031232,
1984.8224, 1.0036145,
1984.8428, 1.0039590,
1984.8633, 1.0043471,
1984.8837, 1.0045890,
1984.9041, 1.0048110,
1984.9858, 1.0054852,
1985.0063, 1.0063825,
1985.0267, 1.0063411,
1985.0471, 1.0066491,
1985.0676, 1.0066809,
1985.0880, 1.0071598,
1985.1084, 1.0073021,
1985.1289, 1.0074777,
1985.1493, 1.0078630,
1985.1697, 1.0080263,
1985.1902, 1.0082619,
1985.2106, 1.0084355,
1985.2310, 1.0086876,
1985.2515, 1.0090056,
1985.2923, 1.0093145,
1985.3128, 1.0096493,
1985.3332, 1.0098755,
1985.3536, 1.0101814,
1985.3741, 1.0105020,
1985.3945, 1.0108035,
1985.4558, 1.0114707,
1985.4966, 1.0119136,
1985.5171, 1.0123262,
1985.5375, 1.0122156,
1985.5579, 1.0122361,
1985.5784, 1.0126408,
1985.5988, 1.0127902,
1985.6192, 1.0129972,
1985.6397, 1.0132160,
1985.6601, 1.0133853,
1985.6805, 1.0134733,
1985.7010, 1.0136427,
1985.7214, 1.0137222,
1985.7418, 1.0137981,
1985.7623, 1.0141852,
1985.7827, 1.0142034,
1985.8031, 1.0145467,
1985.8236, 1.0144098,
1985.8440, 1.0146909,
1985.8644, 1.0147686,
1985.8849, 1.0149172,
1985.9462, 1.0153773,
1985.9666, 1.0153681,
1985.9870, 1.0155504,
1986.0075, 1.0177073,
1986.0279, 1.0157459,
1986.0483, 1.0157282,
1986.0687, 1.0157249,
1986.0892, 1.0158082,
1986.1096, 1.0158200,
1986.1300, 1.0157819,
1986.1505, 1.0158464,
1986.1709, 1.0162111,
1986.1913, 1.0157143,
1986.2118, 1.0159378,
1986.2322, 1.0157841,
1986.2526, 1.0160728,
1986.2731, 1.0161041,
1986.2935, 1.0162417,
1986.3139, 1.0164528,
1986.3344, 1.0165880,
1986.3548, 1.0164463,
1986.3752, 1.0163724,
1986.3957, 1.0163032,
1986.4161, 1.0163151,
1986.4365, 1.0163111,
1986.4570, 1.0164374,
1986.4774, 1.0163475,
1986.4978, 1.0165063,
1986.5183, 1.0163275,
1986.5387, 1.0164825,
1986.5591, 1.0167357,
1986.5795, 1.0167459,
1986.6000, 1.0168120,
1986.6817, 1.0156155,
1986.7021, 1.0155277,
1986.7226, 1.0155259,
1986.7430, 1.0157772,
1986.7634, 1.0153140,
1986.7839, 1.0154889,
1986.8043, 1.0153801,
1986.8247, 1.0156113,
1986.8452, 1.0151146,
1986.8656, 1.0153916,
1986.9269, 1.0148497,
1986.9473, 1.0143217,
1986.9678, 1.0145982,
1986.9882, 1.0144645,
1987.0086, 1.0143765,
1987.0291, 1.0144705,
1987.0495, 1.0143533,
1987.0699, 1.0143788,
1987.0904, 1.0142546,
1987.1108, 1.0141794,
1987.1721, 1.0135697,
1987.1925, 1.0134224,
1987.2129, 1.0132279,
1987.2334, 1.0131606,
1987.2538, 1.0129619,
1987.2742, 1.0128690,
1987.2947, 1.0126362,
1987.3151, 1.0125686,
1987.3355, 1.0125345,
1987.3560, 1.0122213,
1987.3764, 1.0122639,
1987.3968, 1.0122880,
1987.4173, 1.0120613,
1987.4377, 1.0122096,
1987.4581, 1.0120130,
1987.4786, 1.0117473,
1987.4990, 1.0115776,
1987.5194, 1.0115110,
1987.5399, 1.0115660,
1987.5603, 1.0111537,
1987.5807, 1.0111333,
1987.6624, 1.0103160,
1987.6829, 1.0101487,
1987.7033, 1.0100428,
1987.7237, 1.0098111,
1987.7442, 1.0098300,
1987.7646, 1.0095904,
1987.7850, 1.0093187,
1987.8055, 1.0095013,
1987.8259, 1.0091410,
1987.8463, 1.0092700,
1987.9076, 1.0085419,
1987.9281, 1.0083464,
1987.9485, 1.0079619,
1987.9689, 1.0079057,
1987.9894, 1.0077440,
1988.0098, 1.0075070,
1988.0302, 1.0071201,
1988.0507, 1.0071399,
1988.0711, 1.0068850,
1988.0915, 1.0065832,
1988.1120, 1.0065399,
1988.1324, 1.0061757,
1988.1528, 1.0059454,
1988.1733, 1.0059298,
1988.1937, 1.0057012,
1988.2141, 1.0057220,
1988.2345, 1.0055486,
1988.2754, 1.0052690,
1988.2958, 1.0048564,
1988.3163, 1.0045503,
1988.3980, 1.0037316,
1988.4184, 1.0035331,
1988.4389, 1.0034656,
1988.4593, 1.0032076,
1988.4797, 1.0031438,
1988.5002, 1.0030577,
1988.5206, 1.0029009,
1988.5410, 1.0027442,
1988.5615, 1.0025807,
1988.6432, 1.0023484,
1988.6636, 1.0020761,
1988.6841, 1.0020280,
1988.7045, 1.0016960,
1988.7249, 1.0015923,
1988.7453, 1.0014994,
1988.7658, 1.0014012,
1988.7862, 1.0012409,
1988.8066, 1.0011790,
1988.8271, 1.0009898,
1988.9088, 1.0007432,
1988.9292, 1.0006095,
1988.9497, 1.0004718,
1988.9701, 1.0005571,
1988.9905, 1.0002935,
1989.0110, 1.0002012,
1989.0314, 0.99981898,
1989.0518, 0.99961373,
1989.0723, 0.99955865,
1989.0927, 0.99953736,
1989.1131, 0.99940091,
1989.1336, 0.99920935,
1989.1540, 0.99889471,
1989.1744, 0.99909038,
1989.1949, 0.99890026,
1989.2153, 0.99862390,
1989.2357, 0.99872330,
1989.2561, 0.99843830,
1989.2766, 0.99848848,
1989.2970, 0.99840689,
1989.3787, 0.99869696,
1989.3992, 0.99851716,
1989.4196, 0.99857520,
1989.4400, 0.99833965,
1989.4605, 0.99819222,
1989.4809, 0.99815625,
1989.5013, 0.99821284,
1989.5218, 0.99788417,
1989.5422, 0.99794115,
1989.5626, 0.99771968,
1989.5831, 0.99759381,
1989.6035, 0.99751275,
1989.6239, 0.99742392,
1989.6444, 0.99738417,
1989.6648, 0.99731030,
1989.6852, 0.99746309,
1989.7057, 0.99743717,
1989.7261, 0.99738610,
1989.7465, 0.99726744,
1989.7669, 0.99714804,
1989.7874, 0.99735705,
1989.8078, 0.99723554,
1989.8691, 0.99713690,
1989.8895, 0.99720703,
1989.9100, 0.99723337,
1989.9304, 0.99732384,
1989.9508, 0.99717300,
1989.9713, 0.99704722,
1989.9917, 0.99717008,
1990.0121, 0.99706470,
1990.0326, 0.99701548,
1990.0530, 0.99723134,
1990.0734, 0.99706787,
1990.0939, 0.99703499,
1990.1143, 0.99715379,
1990.1347, 0.99708942,
1990.1552, 0.99705206,
1990.1756, 0.99724804,
1990.1960, 0.99723340,
1990.2165, 0.99721336,
1990.2369, 0.99713434,
1990.2573, 0.99732356,
1990.2777, 0.99756990,
1990.3595, 0.99733059,
1990.3799, 0.99748577,
1990.4003, 0.99742556,
1990.4412, 0.99760716,
1990.4616, 0.99753059,
1990.4821, 0.99764733,
1990.5025, 0.99749295,
1990.5229, 0.99751054,
1990.5434, 0.99761874,
1990.6047, 0.99772374,
1990.6251, 0.99769335,
1990.6455, 0.99789688,
1990.6660, 0.99763047,
1990.6864, 0.99794799,
1990.7068, 0.99758486,
1990.7273, 0.99757357,
1990.7477, 0.99781948,
1990.7681, 0.99804131,
1990.7885, 0.99785449,
1990.8498, 0.99788768,
1990.8703, 0.99782987,
1990.8907, 0.99780796,
1990.9316, 0.99800272,
1990.9520, 0.99799912,
1990.9724, 0.99783349,
1990.9929, 0.99814567,
1991.0133, 0.99806266,
1991.0337, 0.99813923,
1991.0542, 0.99808868,
1991.0746, 0.99809575,
1991.0950, 0.99815797,
1991.1155, 0.99824564,
1991.1359, 0.99823577,
1991.1563, 0.99821905,
1991.1768, 0.99805353,
1991.1972, 0.99831815,
1991.2176, 0.99817622,
1991.2381, 0.99826538,
1991.2585, 0.99846417,
1991.2789, 0.99846759,
1991.3402, 0.99839907,
1991.3606, 0.99841853,
1991.4015, 0.99854843,
1991.4219, 0.99849882,
1991.4424, 0.99847292,
1991.4628, 0.99836907,
1991.4832, 0.99836624,
1991.5037, 0.99849488,
1991.5241, 0.99839641,
1991.5445, 0.99869496,
1991.5650, 0.99853478,
1991.5854, 0.99863888,
1991.6058, 0.99852684,
1991.6263, 0.99828038,
1991.6467, 0.99828304,
1991.6671, 0.99840470,
1991.6876, 0.99830658,
1991.7080, 0.99824336,
1991.7284, 0.99841295,
1991.7489, 0.99824157,
1991.7693, 0.99835321,
1991.7897, 0.99820111,
1991.8306, 0.99798669,
1991.8510, 0.99801019,
1991.8714, 0.99804493,
1991.8919, 0.99792003,
1991.9123, 0.99794591,
1991.9327, 0.99782215,
1991.9532, 0.99770365,
1991.9736, 0.99765994,
1992.0758, 0.99739119,
1992.0962, 0.99699230,
1992.1166, 0.99710202,
1992.1371, 0.99691578,
1992.1575, 0.99698440,
1992.1779, 0.99668641,
1992.1984, 0.99660411,
1992.2188, 0.99647448,
1992.2392, 0.99646658,
1992.2597, 0.99631459,
1992.3005, 0.99587303,
1992.3209, 0.99567343,
1992.3414, 0.99546143,
1992.3618, 0.99539386,
1992.3822, 0.99534896,
1992.4027, 0.99511679,
1992.4231, 0.99497869,
1992.4435, 0.99473104,
1992.4640, 0.99496958,
1992.4844, 0.99455313,
1992.5048, 0.99428604,
1992.5253, 0.99443286,
1992.5457, 0.99423368,
1992.5661, 0.99392389,
1992.5866, 0.99375702,
1992.6070, 0.99355844,
1992.6479, 0.99323131,
1992.6683, 0.99323681,
1992.6887, 0.99298814,
1992.7092, 0.99294179,
1992.7296, 0.99267493,
1992.7500, 0.99256790,
1992.8113, 0.99194161,
1992.8317, 0.99175682,
1992.8522, 0.99150423,
1992.8726, 0.99140625,
1992.8930, 0.99124462,
1992.9135, 0.99093186,
1992.9339, 0.99101861,
1992.9543, 0.99081924,
1992.9748, 0.99052848,
1992.9952, 0.99037330,
1993.0156, 0.99033292,
1993.0361, 0.99014404,
1993.0565, 0.98976796,
1993.0769, 0.98967796,
1993.0974, 0.98959110,
1993.1178, 0.98936327,
1993.1382, 0.98920486,
1993.1587, 0.98906523,
1993.1791, 0.98896730,
1993.1995, 0.98897004,
1993.2200, 0.98889594,
1993.3017, 0.98806428,
1993.3221, 0.98800574,
1993.3425, 0.98783231,
1993.3630, 0.98780403,
1993.3834, 0.98776792,
1993.4038, 0.98776606,
1993.4243, 0.98758501,
1993.4447, 0.98742469,
1993.4651, 0.98734439,
1993.4856, 0.98730570,
1993.5469, 0.98686245,
1993.5673, 0.98684965,
1993.5877, 0.98692156,
1993.6082, 0.98689754,
1993.6286, 0.98693696,
1993.6490, 0.98694237,
1993.6695, 0.98670189,
1993.7103, 0.98669721,
1993.7308, 0.98671081,
1993.7512, 0.98669106,
1993.7716, 0.98677606,
1993.7920, 0.98693246,
1993.8125, 0.98704459,
1993.8329, 0.98680460,
1993.8533, 0.98684988,
1993.8738, 0.98702876,
1993.8942, 0.98718816,
1993.9146, 0.98716142,
1993.9351, 0.98721299,
1993.9555, 0.98737875,
1994.0372, 0.98758449,
1994.0577, 0.98779719,
1994.0781, 0.98804863,
1994.0985, 0.98818176,
1994.1190, 0.98830487,
1994.1394, 0.98863091,
1994.1598, 0.98865122,
1994.1803, 0.98887046,
1994.2007, 0.98902871,
1994.2824, 0.98941929,
1994.3028, 0.98958690,
1994.3233, 0.98977815,
1994.3437, 0.99011804,
1994.3641, 0.99024317,
1994.3846, 0.99055290,
1994.4050, 0.99041326,
1994.4254, 0.99102130,
1994.4459, 0.99104970,
1994.4663, 0.99123937,
1994.4867, 0.99135743,
1994.5072, 0.99160463,
1994.5276, 0.99192643,
1994.5480, 0.99186400,
1994.5685, 0.99215179,
1994.5889, 0.99250521,
1994.6093, 0.99290970,
1994.6298, 0.99293528,
1994.6502, 0.99336374,
1994.6706, 0.99354530,
1994.6911, 0.99382977,
1994.7115, 0.99396492,
1994.7728, 0.99472058,
1994.7932, 0.99496467,
1994.8136, 0.99521452,
1994.8545, 0.99581725,
1994.8749, 0.99595913,
1994.8954, 0.99620299,
1994.9158, 0.99641037,
1994.9362, 0.99678620,
1994.9567, 0.99696907,
1995.0180, 0.99780801,
1995.0384, 0.99811575,
1995.0588, 0.99831921,
1995.0793, 0.99875253,
1995.0997, 0.99889348,
1995.1201, 0.99915496,
1995.1406, 0.99964806,
1995.1610, 0.99951785,
1995.1814, 0.99989011,
1995.2019, 1.0003415,
1995.2631, 1.0010713,
1995.2836, 1.0013557,
1995.3040, 1.0017304,
1995.3244, 1.0020274,
1995.3449, 1.0021644,
1995.3653, 1.0027911,
1995.3857, 1.0028807,
1995.4062, 1.0030560,
1995.4266, 1.0032522,
1995.4470, 1.0034844,
1995.4675, 1.0039593,
1995.4879, 1.0041194,
1995.5083, 1.0043893,
1995.5288, 1.0045848,
1995.5492, 1.0048579,
1995.5696, 1.0052463,
1995.5901, 1.0053143,
1995.6105, 1.0055304,
1995.6309, 1.0059097,
1995.6514, 1.0062491,
1995.6718, 1.0064252,
1995.7535, 1.0073366,
1995.7739, 1.0074324,
1995.7944, 1.0077390,
1995.8148, 1.0079349,
1995.8352, 1.0082491,
1995.8557, 1.0085397,
1995.8761, 1.0084576,
1995.8965, 1.0086152,
1995.9170, 1.0089208,
1995.9374, 1.0088995,
1995.9987, 1.0094809,
1996.0191, 1.0095758,
1996.0396, 1.0098693,
1996.0600, 1.0099691,
1996.0804, 1.0100960,
1996.1009, 1.0103067,
1996.1213, 1.0105390,
1996.1417, 1.0106705,
1996.1622, 1.0106962,
1996.1826, 1.0108275,
1996.2030, 1.0110400,
1996.2234, 1.0113484,
1996.2439, 1.0113075,
1996.2643, 1.0112188,
1996.2847, 1.0116369,
1996.3052, 1.0116530,
1996.3256, 1.0117030,
1996.3460, 1.0115515,
1996.3665, 1.0119327,
1996.3869, 1.0118876,
1996.4073, 1.0121705,
1996.4278, 1.0120179,
1996.4891, 1.0131214,
1996.5095, 1.0125740,
1996.5299, 1.0127308,
1996.5504, 1.0127687,
1996.5708, 1.0128570,
1996.5912, 1.0126292,
1996.6117, 1.0129100,
1996.6321, 1.0128678,
1996.6525, 1.0126844,
1996.6730, 1.0128646,
1996.7342, 1.0129157,
1996.7547, 1.0125234,
1996.7751, 1.0128018,
1996.7955, 1.0128628,
1996.8160, 1.0128187,
1996.8364, 1.0126183,
1996.8568, 1.0128220,
1996.8773, 1.0128207,
1996.8977, 1.0128154,
1996.9794, 1.0128363,
1996.9999, 1.0126717,
1997.0203, 1.0127240,
1997.0407, 1.0124217,
1997.0612, 1.0124508,
1997.1020, 1.0126778,
1997.1225, 1.0125159,
1997.1429, 1.0123580,
1997.1633, 1.0123832,
1997.2246, 1.0118647,
1997.2450, 1.0120646,
1997.2655, 1.0120890,
1997.2859, 1.0119257,
1997.3063, 1.0120464,
1997.3268, 1.0118538,
1997.3472, 1.0119160,
1997.3676, 1.0117140,
1997.3881, 1.0116561,
1997.4085, 1.0117089,
1997.4289, 1.0117669,
1997.4494, 1.0116121,
1997.4698, 1.0115188,
1997.4902, 1.0113981,
1997.5107, 1.0113678,
1997.5311, 1.0112943,
1997.5515, 1.0112668,
1997.5720, 1.0112766,
1997.5924, 1.0112969,
1997.6128, 1.0110185,
1997.6333, 1.0109739,
1997.7150, 1.0108181,
1997.7354, 1.0108311,
1997.7558, 1.0104908,
1997.7763, 1.0105320,
1997.7967, 1.0103706,
1997.8171, 1.0104188,
1997.8376, 1.0104461,
1997.8580, 1.0101993,
1997.8784, 1.0099033,
1997.8989, 1.0099288,
1997.9602, 1.0095574,
1997.9806, 1.0094697,
1998.0010, 1.0091974,
1998.0215, 1.0090769,
1998.0419, 1.0088373,
1998.0623, 1.0086923,
1998.0828, 1.0084371,
1998.1032, 1.0085498,
1998.1236, 1.0083863,
1998.1440, 1.0082850,
1998.1645, 1.0082833,
1998.1849, 1.0079282,
1998.2053, 1.0078512,
1998.2258, 1.0077632,
1998.2462, 1.0075361,
1998.2666, 1.0074597,
1998.2871, 1.0072956,
1998.3075, 1.0072297,
1998.3688, 1.0064968,
1998.3892, 1.0062084,
1998.4505, 1.0058218,
1998.4710, 1.0055935,
1998.4914, 1.0053544,
1998.5118, 1.0053840,
1998.5323, 1.0051304,
1998.5527, 1.0052219,
1998.5731, 1.0051728,
1998.5935, 1.0050107,
1998.6140, 1.0050328,
1998.6344, 1.0048118,
1998.6957, 1.0039474,
1998.7161, 1.0032750,
1998.7366, 1.0034140,
1998.7570, 1.0030354,
1998.7774, 1.0029533,
1998.8183, 1.0023906,
1998.8387, 1.0023551,
1998.8592, 1.0020183,
1998.8796, 1.0019851,
1998.9000, 1.0016806,
1998.9205, 1.0015951,
1998.9409, 1.0014405,
1998.9613, 1.0011965,
1998.9818, 1.0010601,
1999.0022, 1.0007988,
1999.0226, 1.0008727,
1999.0431, 1.0006821,
1999.0635, 1.0004880,
1999.0839, 1.0005107,
1999.1043, 1.0001407,
1999.1248, 1.0001336,
1999.1861, 0.99949071,
1999.2065, 0.99936690,
1999.2474, 0.99900451,
1999.2678, 0.99903615,
1999.2882, 0.99871764,
1999.3087, 0.99871447,
1999.3291, 0.99845229,
1999.3495, 0.99837531,
1999.3700, 0.99816863,
1999.3904, 0.99808644,
1999.4108, 0.99779793,
1999.4313, 0.99775807,
1999.4517, 0.99759546,
1999.4721, 0.99748854,
1999.4926, 0.99718575,
1999.5130, 0.99699475,
1999.5334, 0.99697794,
1999.5538, 0.99692445,
1999.5743, 0.99687678,
1999.5947, 0.99667295,
1999.6764, 0.99632089,
1999.6969, 0.99615270,
1999.7173, 0.99586245,
1999.7377, 0.99602215,
1999.7582, 0.99596563,
1999.7786, 0.99611956,
1999.7990, 0.99592951,
1999.8195, 0.99576312,
1999.8399, 0.99548874,
1999.8603, 0.99554658,
1999.9216, 0.99515960,
1999.9421, 0.99509907,
1999.9625, 0.99497212,
1999.9829, 0.99505997,
2000.0033, 0.99493269,
2000.0238, 0.99496874,
2000.0442, 0.99487615,
2000.0646, 0.99455192,
2000.0851, 0.99480074,
2000.1055, 0.99455306,
2000.1259, 0.99468749,
2000.1464, 0.99461621,
2000.1668, 0.99442838,
2000.1872, 0.99444531,
2000.2077, 0.99427162,
2000.2281, 0.99416043,
2000.2485, 0.99431124,
2000.2690, 0.99431182,
2000.2894, 0.99404373,
2000.3098, 0.99433236,
2000.3303, 0.99391547,
2000.3507, 0.99434032,
2000.4120, 0.99377346,
2000.4324, 0.99390752,
2000.4528, 0.99367802,
2000.4733, 0.99374926,
2000.4937, 0.99377169,
2000.5141, 0.99359354,
2000.5346, 0.99343273,
2000.5550, 0.99351039,
2000.5754, 0.99364822,
2000.5959, 0.99347139,
2000.6367, 0.99341575,
2000.6572, 0.99347926,
2000.6776, 0.99344463,
2000.6980, 0.99313368,
2000.7185, 0.99330643,
2000.7389, 0.99321003,
2000.7593, 0.99307034,
2000.7798, 0.99326435,
2000.8002, 0.99331484,
2000.8206, 0.99323880,
2000.8411, 0.99319597,
2000.8615, 0.99321769,
2000.8819, 0.99344859,
2000.9023, 0.99330509,
2000.9228, 0.99345564,
2000.9636, 0.99342791,
2000.9841, 0.99359639,
2001.0045, 0.99369269,
2001.0249, 0.99376698,
2001.0454, 0.99360015,
2001.0658, 0.99380656,
2001.0862, 0.99384371,
2001.1475, 0.99388203,
2001.1680, 0.99402269,
2001.1884, 0.99404003,
2001.2088, 0.99412855,
2001.2293, 0.99433033,
2001.2497, 0.99428474,
2001.2701, 0.99425104,
2001.2906, 0.99436932,
2001.3110, 0.99444481,
2001.3314, 0.99464116,
2001.3518, 0.99444500,
2001.3723, 0.99455648,
2001.3927, 0.99445307,
2001.4131, 0.99459828,
2001.4336, 0.99452464,
2001.4540, 0.99462608,
2001.4744, 0.99470780,
2001.4949, 0.99470337,
2001.5153, 0.99492747,
2001.5357, 0.99478254,
2001.5562, 0.99479838,
2001.5766, 0.99492731,
2001.6583, 0.99508237,
2001.6788, 0.99524525,
2001.6992, 0.99539642,
2001.7196, 0.99541569,
2001.7401, 0.99570168,
2001.7605, 0.99622855,
2001.7809, 0.99577687,
2001.8013, 0.99575790,
2001.8218, 0.99593819,
2001.8422, 0.99591458,
2001.8626, 0.99578296,
2001.8831, 0.99593056,
2001.9035, 0.99568089,
2001.9239, 0.99587835,
2001.9444, 0.99599777,
2001.9648, 0.99588142,
2001.9852, 0.99593063,
2002.0057, 0.99602124,
2002.0261, 0.99602904,
2002.0465, 0.99616190,
2002.0670, 0.99622658,
2002.1487, 0.99619563,
2002.1691, 0.99607654,
2002.1896, 0.99638839,
2002.2100, 0.99615025,
2002.2304, 0.99608194,
2002.2509, 0.99619808,
2002.2917, 0.99646758,
2002.3121, 0.99620013,
2002.3326, 0.99636856,
2002.3530, 0.99624068,
2002.3734, 0.99634521,
2002.3939, 0.99613565,
2002.4143, 0.99646734,
2002.4347, 0.99644663,
2002.4552, 0.99637504,
2002.4756, 0.99640718,
2002.4960, 0.99615708,
2002.5165, 0.99593681,
2002.5369, 0.99589231,
2002.5573, 0.99567219,
2002.6391, 0.99522150,
2002.6595, 0.99495555,
2002.6799, 0.99490659,
2002.7004, 0.99486990,
2002.7208, 0.99463239,
2002.7412, 0.99457265,
2002.7616, 0.99451529,
2002.7821, 0.99465556,
2002.8025, 0.99444922,
2002.8229, 0.99430826,
2002.8434, 0.99429978,
2002.8638, 0.99410063,
2002.8842, 0.99393358,
2002.9047, 0.99380206,
2002.9251, 0.99381486,
2002.9455, 0.99369172,
2002.9660, 0.99368381,
2002.9864, 0.99336296,
2003.0068, 0.99346329,
2003.0273, 0.99326746,
2003.1090, 0.99262324,
2003.1294, 0.99260064,
2003.1703, 0.99238499,
2003.1907, 0.99216662,
2003.2111, 0.99198819,
2003.2316, 0.99181713,
2003.2520, 0.99170847,
2003.2724, 0.99153686,
2003.2929, 0.99112144,
2003.3133, 0.99108645,
2003.3337, 0.99097440,
2003.3542, 0.99069393,
2003.3746, 0.99080339,
2003.3950, 0.99046443,
2003.4155, 0.99032632,
2003.4359, 0.99030931,
2003.4563, 0.99004704,
2003.4768, 0.98986548,
2003.4972, 0.98980941,
2003.5176, 0.98981533,
2003.6198, 0.98940229,
2003.6402, 0.98902493,
2003.6606, 0.98894053,
2003.6811, 0.98897571,
2003.7015, 0.98890745,
2003.7219, 0.98855306,
2003.7424, 0.98872097,
2003.7628, 0.98853061,
2003.8037, 0.98828344,
2003.8241, 0.98845063,
2003.8445, 0.98805442,
2003.8650, 0.98816991,
2003.8854, 0.98804952,
2003.9058, 0.98808382,
2003.9263, 0.98809675,
2003.9467, 0.98787620,
2003.9671, 0.98785281,
2003.9876, 0.98801588,
2004.0080, 0.98776609,
2004.0897, 0.98783784,
2004.1101, 0.98782168,
2004.1306, 0.98814722,
2004.1510, 0.98759101,
2004.1714, 0.98783059,
2004.1919, 0.98791366,
2004.2123, 0.98778591,
2004.2327, 0.98816535,
2004.2532, 0.98808027,
2004.2736, 0.98824312,
2004.2940, 0.98864536,
2004.3145, 0.98838944,
2004.3349, 0.98823227,
2004.3553, 0.98807480,
2004.3758, 0.98829682,
2004.3962, 0.98836495,
2004.4166, 0.98876800,
2004.4371, 0.98842695,
2004.4575, 0.98855104,
2004.4779, 0.98835811,
2004.4983, 0.98833535,
2004.5188, 0.98812292,
2004.5801, 0.98901539,
2004.6005, 0.98908367,
2004.6209, 0.98919277,
2004.6414, 0.98948183,
2004.6618, 0.98942224,
2004.6822, 0.98950693,
2004.7027, 0.98970434,
2004.7231, 0.98993607,
2004.7435, 0.99007128,
2004.7640, 0.99042360,
2004.8253, 0.99114134,
2004.8457, 0.99121505,
2004.8661, 0.99138193,
2004.8866, 0.99152956,
2004.9070, 0.99184221,
2004.9274, 0.99192009,
2004.9478, 0.99206987,
2004.9683, 0.99235405,
2004.9887, 0.99250720,
2005.0091, 0.99281692,
2005.0296, 0.99320917,
2005.0500, 0.99325409,
2005.0704, 0.99335533,
2005.0909, 0.99373525,
2005.1113, 0.99397917,
2005.1317, 0.99421909,
2005.1522, 0.99445914,
2005.1726, 0.99452126,
2005.1930, 0.99488136,
2005.2135, 0.99533453,
2005.2339, 0.99548213,
2005.2543, 0.99576708,
2005.2952, 0.99627647,
2005.3156, 0.99655914,
2005.3361, 0.99690010,
2005.3565, 0.99703563,
2005.3769, 0.99738051,
2005.3973, 0.99747213,
2005.4178, 0.99785196,
2005.4382, 0.99831146,
2005.4586, 0.99851103,
2005.4791, 0.99867396,
2005.4995, 0.99900215,
2005.5199, 0.99928250,
2005.5404, 0.99950744,
2005.5608, 0.99988511,
2005.5812, 0.99995222,
2005.6017, 1.0002410,
2005.6221, 1.0004346,
2005.6425, 1.0006765,
2005.6630, 1.0008318,
2005.6834, 1.0010897,
2005.7038, 1.0014563,
2005.7243, 1.0016295,
2005.7447, 1.0019010,
2005.8060, 1.0027476,
2005.8264, 1.0028336,
2005.8673, 1.0033290,
2005.8877, 1.0035085,
2005.9081, 1.0036919,
2005.9286, 1.0039596,
2005.9490, 1.0043413,
2005.9694, 1.0044358,
2005.9899, 1.0044162,
2006.0103, 1.0047291,
2006.0307, 1.0052717,
2006.0512, 1.0052399,
2006.0716, 1.0055738,
2006.0920, 1.0058152,
2006.1125, 1.0060566,
2006.1329, 1.0063946,
2006.1533, 1.0065127,
2006.1738, 1.0066649,
2006.1942, 1.0068749,
2006.2146, 1.0069963,
2006.2351, 1.0073018,
2006.2555, 1.0073452,
2006.2759, 1.0074779,
2006.2963, 1.0076651,
2006.3168, 1.0076220,
2006.3372, 1.0078305,
2006.3576, 1.0082265,
2006.3781, 1.0082065,
2006.3985, 1.0086032,
2006.4189, 1.0084237,
2006.4394, 1.0086151,
2006.4598, 1.0084291,
2006.5415, 1.0095089,
2006.5620, 1.0092340,
2006.5824, 1.0097473,
2006.6028, 1.0097464,
2006.6233, 1.0098867,
2006.6437, 1.0098111,
2006.6641, 1.0099488,
2006.6846, 1.0102086,
2006.7050, 1.0103838,
2006.7254, 1.0104000,
2006.7458, 1.0103619,
2006.7663, 1.0104900,
2006.7867, 1.0106086,
2006.8071, 1.0107280,
2006.8276, 1.0106307,
2006.8480, 1.0108955,
2006.8684, 1.0107484,
2006.8889, 1.0108957,
2006.9093, 1.0109341,
2006.9297, 1.0111311,
2006.9502, 1.0113377,
2006.9706, 1.0109483,
2007.0319, 1.0112243,
2007.0523, 1.0112998,
2007.0728, 1.0113747,
2007.0932, 1.0112700,
2007.1136, 1.0113890,
2007.1341, 1.0113103,
2007.1545, 1.0113627,
2007.1749, 1.0113884,
2007.1953, 1.0113576,
2007.2158, 1.0113865,
2007.2362, 1.0114146,
2007.2566, 1.0111446,
2007.2771, 1.0111964,
2007.2975, 1.0113964,
2007.3179, 1.0112094,
2007.3384, 1.0114366,
2007.3588, 1.0111950,
2007.3792, 1.0112401,
2007.3997, 1.0113870,
2007.4201, 1.0110992,
2007.4405, 1.0112074,
2007.4610, 1.0109854,
2007.5223, 1.0112100,
2007.5427, 1.0111433,
2007.5631, 1.0111492,
2007.5835, 1.0108209,
2007.6244, 1.0109038,
2007.6653, 1.0107777,
2007.6857, 1.0106103,
2007.7061, 1.0105864,
2007.7266, 1.0104943,
2007.7674, 1.0103881,
2007.7879, 1.0103461,
2007.8083, 1.0102715,
2007.8287, 1.0101662,
2007.8492, 1.0102506,
2007.8696, 1.0101403,
2007.8900, 1.0101833,
2007.9105, 1.0099408,
2007.9309, 1.0097715,
2007.9513, 1.0099187,
2007.9718, 1.0101000,
2007.9922, 1.0097700,
2008.0126, 1.0094470,
2008.0330, 1.0093391,
2008.0535, 1.0094617,
2008.0739, 1.0094326,
2008.0943, 1.0094632,
2008.1148, 1.0091775,
2008.1352, 1.0093247,
2008.1556, 1.0091792,
2008.1761, 1.0088618,
2008.1965, 1.0089339,
2008.2578, 1.0086093,
2008.2782, 1.0086093,
2008.2987, 1.0085331,
2008.3191, 1.0083739,
2008.3395, 1.0084239,
2008.3600, 1.0082854,
2008.3804, 1.0083425,
2008.4008, 1.0082853,
2008.4213, 1.0081491,
2008.4417, 1.0079410,
2008.5234, 1.0074805,
2008.5438, 1.0073864,
2008.5643, 1.0071544,
2008.5847, 1.0070948,
2008.6051, 1.0069720,
2008.6256, 1.0068001,
2008.6460, 1.0067938,
2008.6664, 1.0066278,
2008.6869, 1.0066044,
2008.7073, 1.0061951,
2008.7277, 1.0063596,
2008.7482, 1.0059396,
2008.7686, 1.0060498,
2008.7890, 1.0058176,
2008.8299, 1.0054531,
2008.8503, 1.0056209,
2008.8707, 1.0050714,
2008.8912, 1.0049335,
2008.9116, 1.0050152,
2008.9320, 1.0047584,
2008.9525, 1.0046789,
2008.9729, 1.0045676,
2008.9933, 1.0042576,
2009.0138, 1.0040907,
2009.0342, 1.0040143,
2009.0546, 1.0039642,
2009.0751, 1.0037134,
2009.0955, 1.0035681,
2009.1159, 1.0033574,
2009.1364, 1.0034544,
2009.1568, 1.0033107,
2009.2385, 1.0026259,
2009.2590, 1.0023588,
2009.2794, 1.0021652,
2009.2998, 1.0020146,
2009.3202, 1.0019495,
2009.3407, 1.0017732,
2009.3611, 1.0017292,
2009.3815, 1.0014284,
2009.4020, 1.0012434,
2009.4224, 1.0010295,
2009.4428, 1.0011171,
2009.4633, 1.0008551,
2009.4837, 1.0006931,
2009.5041, 1.0003605,
2009.5246, 1.0002428,
2009.5450, 1.0000668,
2009.5654, 1.0001002,
2009.5859, 0.99988834,
2009.6063, 0.99967885,
2009.6267, 0.99942386,
2009.6472, 0.99956477,
2009.6676, 0.99949077,
2009.6880, 0.99927167,
2009.7085, 0.99909973,
2009.7289, 0.99872220,
2009.7493, 0.99847626,
2009.7697, 0.99843295,
2009.7902, 0.99842209,
2009.8310, 0.99816595,
2009.8515, 0.99800665,
2009.8719, 0.99804781,
2009.8923, 0.99785823,
2009.9741, 0.99729681,
2009.9945, 0.99726166,
2010.0354, 0.99706093,
2010.0558, 0.99685081,
2010.0762, 0.99671153,
2010.0967, 0.99666626,
2010.1171, 0.99646934,
2010.1375, 0.99630028,
2010.1580, 0.99623981,
2010.1784, 0.99600238,
2010.1988, 0.99605001,
2010.2192, 0.99578521,
2010.2397, 0.99575868,
2010.2805, 0.99567000,
2010.3010, 0.99559617,
2010.3214, 0.99538187,
2010.3418, 0.99514996,
2010.3623, 0.99528154,
2010.3827, 0.99496427,
2010.4031, 0.99498162,
2010.4644, 0.99443979,
2010.4849, 0.99439825,
2010.5053, 0.99425508,
2010.5257, 0.99429623,
2010.5462, 0.99422129,
2010.5666, 0.99392265,
2010.5870, 0.99380093,
2010.6074, 0.99390196,
2010.6279, 0.99370823,
2010.6483, 0.99366789,
2010.6687, 0.99348243,
2010.6892, 0.99353646,
2010.7096, 0.99316522,
2010.7505, 0.99315781,
2010.7709, 0.99315326,
2010.8118, 0.99314438,
2010.8322, 0.99290647,
2010.8526, 0.99287870,
2010.8731, 0.99279031,
2010.8935, 0.99276201,
2010.9139, 0.99287632,
2010.9548, 0.99268387,
2010.9752, 0.99259498,
2010.9957, 0.99253633,
2011.0161, 0.99255191,
2011.0365, 0.99257973,
2011.0569, 0.99255366,
2011.0774, 0.99223747,
2011.0978, 0.99227465,
2011.1182, 0.99225150,
2011.1387, 0.99230644,
2011.1795, 0.99232988,
2011.2000, 0.99217709,
2011.2204, 0.99210796,
2011.2408, 0.99212875,
2011.2613, 0.99209046,
2011.2817, 0.99234561,
2011.3021, 0.99246845,
2011.3226, 0.99232837,
2011.3430, 0.99226297,
2011.3634, 0.99225990,
2011.4451, 0.99332263,
2011.4656, 0.99301519,
2011.4860, 0.99288294,
2011.5064, 0.99278486,
2011.5269, 0.99267680,
2011.5473, 0.99272163,
2011.5677, 0.99283739,
2011.5882, 0.99284748,
2011.6086, 0.99277955,
2011.6290, 0.99295175,
2011.6495, 0.99276532,
2011.6699, 0.99285059,
2011.6903, 0.99309680,
2011.7108, 0.99307253,
2011.7312, 0.99296061,
2011.7516, 0.99308256,
2011.7721, 0.99309183,
2011.7925, 0.99452583,
2011.8129, 0.99313623,
2011.8334, 0.99315124,
2011.8538, 0.99330024,
2011.8742, 0.99335487,
2011.8946, 0.99357860,
2011.9151, 0.99348819,
2011.9355, 0.99380268,
2011.9559, 0.99385610,
2011.9764, 0.99371712,
2011.9968, 0.99388952,
2012.0172, 0.99376198,
2012.0377, 0.99344537,
2012.0581, 0.99392806,
2012.0785, 0.99368740,
2012.0990, 0.99378670,
2012.1194, 0.99411081,
2012.1398, 0.99395256,
2012.1603, 0.99401750,
2012.1807, 0.99383540,
2012.2011, 0.99372548,
2012.2216, 0.99366115,
2012.2420, 0.99384124,
2012.2624, 0.99386254,
2012.2829, 0.99379254,
2012.3033, 0.99408750,
2012.3237, 0.99416214,
2012.3441, 0.99388011,
2012.3646, 0.99385622,
2012.4259, 0.99359533,
2012.4463, 0.99366183,
2012.4667, 0.99385605,
2012.4872, 0.99348191,
2012.5076, 0.99356971,
2012.5280, 0.99375259,
2012.5485, 0.99348370,
2012.5689, 0.99370111,
2012.5893, 0.99341240,
2012.6098, 0.99366615,
2012.6302, 0.99345460,
2012.6506, 0.99333734,
2012.6711, 0.99320617,
2012.6915, 0.99330528,
2012.7119, 0.99326388,
2012.7323, 0.99328317,
2012.7528, 0.99323640,
2012.7732, 0.99289686,
2012.7936, 0.99285788,
2012.8141, 0.99277030,
2012.8345, 0.99278919,
2012.9162, 0.99298282,
2012.9367, 0.99261636,
2012.9571, 0.99244521,
2012.9775, 0.99229820,
2012.9980, 0.99239112,
2013.0184, 0.99218899,
2013.0593, 0.99206034,
2013.0797, 0.99181201,
2013.1001, 0.99175003,
2013.1206, 0.99144008,
2013.1410, 0.99146788,
2013.1614, 0.99139642,
2013.1818, 0.99111983,
2013.2023, 0.99131213,
2013.2227, 0.99092419,
2013.2431, 0.99081403,
2013.2636, 0.99094191,
2013.2840, 0.99077830,
2013.3044, 0.99053452,
2013.3249, 0.99054040,
2013.3453, 0.99041541,
2013.3657, 0.99040904,
2013.3862, 0.99017452,
2013.4066, 0.99001627,
2013.4270, 0.98986879,
2013.4475, 0.98993808,
2013.4679, 0.98969656,
2013.4883, 0.98987426,
2013.5088, 0.98939962,
2013.5292, 0.98965919,
2013.5496, 0.98921398,
2013.5700, 0.98919778,
2013.5905, 0.98912980,
2013.6109, 0.98923265,
2013.6313, 0.98904897,
2013.6518, 0.98864758,
2013.6722, 0.98850400,
2013.6926, 0.98847143,
2013.7131, 0.98835141,
2013.7335, 0.98834700,
2013.7539, 0.98837448,
2013.7744, 0.98792767,
2013.7948, 0.98769763,
2013.8152, 0.98771681,
2013.8970, 0.98810867,
2013.9174, 0.98783456,
2013.9378, 0.98757354,
2013.9583, 0.98766188,
2013.9787, 0.98756401,
2013.9991, 0.98754387,
2014.0195, 0.98754543,
2014.0400, 0.98729145,
2014.0604, 0.98730273,
2014.0808, 0.98767911,
2014.1013, 0.98736683,
2014.1217, 0.98753379,
2014.1421, 0.98732004,
2014.1626, 0.98765548,
2014.1830, 0.98773455,
2014.2034, 0.98749697,
2014.2239, 0.98745625,
2014.2443, 0.98774590,
2014.2647, 0.98773003,
2014.2852, 0.98767911,
2014.3056, 0.98789518,
2014.3260, 0.98768008,
2014.3465, 0.98820584,
2014.3669, 0.98798006,
2014.3873, 0.98810053,
2014.4077, 0.98808770,
2014.4282, 0.98831674,
2014.4486, 0.98850700,
2014.4690, 0.98848250,
2014.4895, 0.98863135,
2014.5099, 0.98866247,
2014.5303, 0.98903521,
2014.5508, 0.98897014,
2014.5712, 0.98936239,
2014.5916, 0.98943647,
2014.6121, 0.98958704,
2014.6325, 0.98994552,
2014.6529, 0.98975181,
2014.6734, 0.99001044,
2014.6938, 0.98998107,
2014.7142, 0.98990800,
2014.7551, 0.99051764,
2014.7755, 0.99053556,
2014.7960, 0.99073160,
2014.8164, 0.99106805,
2014.8777, 0.99157994,
2014.8981, 0.99133734,
2014.9185, 0.99155064,
2014.9390, 0.99153764,
2014.9594, 0.99207549,
2014.9798, 0.99216251,
2017.8607, 1.0157739,
2017.8811, 1.0158568,
2017.9016, 1.0157256,
2017.9220, 1.0156925,
2017.9424, 1.0155931,
2017.9629, 1.0155321,
2017.9833, 1.0155320,
2018.0037, 1.0156316,
2018.0242, 1.0156106,
2018.0446, 1.0154772,
2018.0650, 1.0153889,
2018.0855, 1.0153445,
2018.1059, 1.0149267,
2018.1263, 1.0150790,
2018.1468, 1.0149087,
2018.1672, 1.0148925,
2018.1876, 1.0149905,
2018.2080, 1.0149169,
2018.2285, 1.0149038,
2018.2489, 1.0146625,
2018.2693, 1.0149000,
2018.2898, 1.0149169,
2018.3102, 1.0147606,
2018.3306, 1.0144851,
2018.3511, 1.0145241,
2018.3715, 1.0144904,
2018.3919, 1.0142420,
2018.4124, 1.0144608,
2018.4328, 1.0139933,
2018.4532, 1.0139868,
2018.4737, 1.0137304,
2018.4941, 1.0137647,
2018.5145, 1.0137335,
2018.5350, 1.0133717,
2018.5554, 1.0135837,
2018.5758, 1.0134132,
2018.5962, 1.0134936,
2018.6167, 1.0132258,
2018.6371, 1.0131056,
2018.6575, 1.0132480,
2018.6780, 1.0130463,
2018.6984, 1.0129644,
2018.7188, 1.0126201,
2018.8006, 1.0128111,
2018.8210, 1.0127762,
2018.8414, 1.0123905,
2018.8619, 1.0122471,
2018.8823, 1.0122933,
2018.9027, 1.0121591,
2018.9232, 1.0120632,
2018.9436, 1.0122171,
2018.9640, 1.0121070,
2018.9844, 1.0119619,
2019.0049, 1.0119697,
2019.0253, 1.0115481,
2019.0457, 1.0117945,
2019.0662, 1.0114683,
2019.0866, 1.0115927,
2019.1070, 1.0115305,
2019.1275, 1.0116212,
2019.1479, 1.0114566,
2019.1683, 1.0110702,
2019.1888, 1.0110203,
2019.2092, 1.0108684,
2019.2296, 1.0106954,
2019.2501, 1.0107078,
2019.2705, 1.0103982,
2019.2909, 1.0103973,
2019.3114, 1.0102700,
2019.3318, 1.0103215,
2019.3522, 1.0102559,
2019.3727, 1.0096059,
2019.3931, 1.0098539,
2019.4135, 1.0094629,
2019.4544, 1.0093080,
2019.4748, 1.0091689,
2019.4952, 1.0089889,
2019.5157, 1.0088954,
2019.5361, 1.0087016,
2019.5565, 1.0085756,
2019.5770, 1.0084564,
2019.5974, 1.0084854,
2019.6178, 1.0082865,
2019.6383, 1.0081391,
2019.6587, 1.0080973,
2019.6791, 1.0080004,
2019.6996, 1.0077321,
2019.7200, 1.0076380,
2019.7813, 1.0080158,
2019.8017, 1.0077730,
2019.8221, 1.0077263,
2019.8426, 1.0076673,
2019.8630, 1.0075436,
2019.8834, 1.0073585,
2019.9039, 1.0073240,
2019.9243, 1.0073223,
2019.9447, 1.0068676,
2019.9652, 1.0069593,
2019.9856, 1.0067912,
2020.0060, 1.0068094,
2020.0265, 1.0066641,
2020.0469, 1.0065251,
2020.0673, 1.0063705,
2020.0878, 1.0063048,
2020.1082, 1.0063465,
2020.1286, 1.0061195,
2020.1491, 1.0059909,
2020.1695, 1.0058726,
2020.1899, 1.0059450,
2020.2104, 1.0058527,
2020.2308, 1.0056642,
2020.2512, 1.0052897,
2020.2716, 1.0052143,
2020.2921, 1.0053223,
2020.3125, 1.0051039,
2020.3329, 1.0049300,
2020.3534, 1.0050698,
2020.3738, 1.0048910,
2020.3942, 1.0047938,
2020.4147, 1.0046011,
2020.4351, 1.0046521,
2020.4555, 1.0043000,
2020.4760, 1.0043001,
2020.4964, 1.0041341,
2020.5168, 1.0042490,
2020.5373, 1.0040253,
2020.5577, 1.0039969,
2020.5781, 1.0038594,
2020.5986, 1.0036473,
2020.6190, 1.0035977,
2020.6394, 1.0038133,
2020.6598, 1.0035045,
2020.6803, 1.0034876,
2020.7007, 1.0034264,
2020.7211, 1.0034748,
2020.7416, 1.0030990,
2020.7620, 1.0029901,
2020.7824, 1.0030629,
2020.8029, 1.0030668,
2020.8233, 1.0028837,
2020.8437, 1.0027241,
2020.8642, 1.0026354,
2020.8846, 1.0027048,
2020.9050, 1.0029321,
2020.9255, 1.0026945,
2020.9459, 1.0025728,
2020.9663, 1.0025246,
2020.9868, 1.0023001,
2021.0072, 1.0023562,
2021.0276, 1.0023392,
2021.0480, 1.0025643,
2021.0685, 1.0021414,
2021.0889, 1.0021989,
2021.1093, 1.0021009,
2021.1298, 1.0020058,
2021.1502, 1.0019757,
2021.1706, 1.0020903,
2021.2319, 1.0017688,
2021.2524, 1.0017175,
2021.2728, 1.0015531,
2021.2932, 1.0015304,
2021.3137, 1.0017785,
2021.3341, 1.0013256,
2021.3545, 1.0013902,
2021.3750, 1.0013147,
2021.3954, 1.0012326,
2021.4158, 1.0012209,
2021.4363, 1.0014545,
2021.4567, 1.0011418,
2021.4771, 1.0011417,
2021.4975, 1.0011701,
2021.5180, 1.0009900,
2021.5384, 1.0010618,
2021.5588, 1.0010793,
2021.5793, 1.0009747,
2021.5997, 1.0009512,
2021.6201, 1.0011540,
2021.6406, 1.0012786,
2021.6610, 1.0012599,
2021.6814, 1.0012572,
2021.7223, 1.0009439,
2021.7427, 1.0009361,
2021.7632, 1.0011344,
2021.7836, 1.0009895,
2021.8040, 1.0011333,
2021.8245, 1.0011610,
2021.8449, 1.0010699,
2021.8653, 1.0011070,
2021.8857, 1.0012019,
2021.9062, 1.0011209,
2021.9266, 1.0012023,
2021.9470, 1.0012838,
2021.9675, 1.0012163,
2021.9879, 1.0010239,
2022.0083, 1.0010276,
2022.0288, 1.0012212,
2022.0492, 1.0010765,
2022.0696, 1.0011929,
2022.0901, 1.0010816,
2022.1105, 1.0008426,
2022.1309, 1.0008347,
2022.1514, 1.0010033,
2022.1718, 1.0010012,
2022.1922, 1.0010190,
2022.2127, 1.0009709,
2022.2331, 1.0010233,
2022.2535, 1.0009024,
2022.2740, 1.0008071,
2022.2944, 1.0010340,
2022.3148, 1.0009128,
2022.3352, 1.0009554,
2022.3557, 1.0009597,
2022.3761, 1.0009979,
2022.3965, 1.0008691,
2022.4170, 1.0009130,
2022.4783, 1.0005402,
2022.4987, 1.0007568,
2022.5191, 1.0008261,
2022.5396, 1.0007562,
2022.5600, 1.0005083,
2022.6009, 1.0003304,
2022.6213, 1.0005033,
2022.6417, 1.0008124,
2022.6622, 1.0006832,
2022.6826, 1.0006759,
2022.7030, 1.0006548,
2022.7234, 1.0007369,
2022.7439, 1.0005489,
2022.7643, 1.0004731,
2022.7847, 1.0004791,
2022.8052, 1.0010354,
2022.8256, 1.0004075,
2022.8460, 1.0002935,
2022.8665, 1.0000129,
2022.8869, 1.0001938,
2022.9073, 1.0002080,
2022.9278, 0.99987820,
2022.9482, 0.99991623,
2022.9686, 0.99990063,
2022.9891, 0.99981484,
2023.0095, 0.99964652,
2023.0299, 0.99942195,
2023.0504, 0.99962506,
2023.0708, 0.99957291,
2023.0912, 0.99959878,
2023.1116, 0.99949317,
2023.1321, 0.99933294,
2023.1525, 0.99915960,
2023.1934, 0.99907165,
2023.2138, 0.99899005,
2023.2342, 0.99888739,
2023.2547, 0.99877223,
2023.2751, 0.99850505,
2023.2955, 0.99855250,
2023.3160, 0.99842202,
2023.3364, 0.99831920,
2023.3568, 0.99824287,
2023.3773, 0.99806287,
2023.3977, 0.99802555,
2023.4386, 0.99790039,
2023.4590, 0.99774089,
2023.4794, 0.99756630,
2023.4999, 0.99767337,
2023.5203, 0.99738372,
2023.5407, 0.99728046,
2023.5611, 0.99712267,
2023.5816, 0.99714257,
2023.6020, 0.99677319,
2023.6224, 0.99668662,
2023.7246, 0.99604961,
2023.7450, 0.99603345,
2023.7655, 0.99602208,
2023.7859, 0.99588258,
2023.8063, 0.99566502,
2023.8268, 0.99574898,
2023.8472, 0.99546355,
2023.8676, 0.99547763,
2023.8881, 0.99515065,
2023.9085, 0.99501203,
2023.9289, 0.99489358,
2023.9493, 0.99485246,
2023.9698, 0.99459848,
2023.9902, 0.99446322,
2024.0106, 0.99424851,
2024.0311, 0.99458431,
2024.0515, 0.99418026,
2024.0719, 0.99394900,
2024.0924, 0.99388615,
2024.1128, 0.99370316,
2024.1332, 0.99344165,
2024.1741, 0.99362163,
2024.1945, 0.99331399,
2024.2150, 0.99338935,
2024.2354, 0.99333787,
2024.2558, 0.99301686,
2024.2763, 0.99282911,
2024.2967, 0.99313291,
2024.3171, 0.99292909,
2024.3375, 0.99288606,
2024.3580, 0.99292858,
2024.3784, 0.99279902,
2024.4193, 0.99297437,
2024.4397, 0.99278124,
2024.4601, 0.99279466,
2024.4806, 0.99276561,
2024.5010, 0.99262411,
2024.5214, 0.99262707,
2024.5419, 0.99248294,
2024.5623, 0.99252306,
2024.5827, 0.99279035,
2024.6032, 0.99291890,
2024.6236, 0.99280785,
2024.6645, 0.99287439,
2024.6849, 0.99296916,
2024.7053, 0.99285828,
2024.7258, 0.99307659,
2024.7462, 0.99312021,
2024.7666, 0.99299829,
2024.7870, 0.99327113,
2024.8075, 0.99322635,
2024.8279, 0.99337254,
2024.8483, 0.99335216,
2024.8688, 0.99351788,
2024.9096, 0.99356914,
2024.9301, 0.99378450,
2024.9505, 0.99388341,
2024.9709, 0.99407530,
2024.9914, 0.99413263,
2025.0118, 0.99413934,
2025.0322, 0.99430565,
2025.0527, 0.99443153,
2025.0731, 0.99448858,
2025.0935, 0.99478552,
2025.1140, 0.99482430,
2025.1548, 0.99504256,
2025.1752, 0.99534581,
2025.1957, 0.99556942,
2025.2161, 0.99547161,
2025.2365, 0.99563145,
2025.2570, 0.99589392,
2025.2774, 0.99604914,
2025.2978, 0.99612123,
2025.3183, 0.99637941,
2025.3387, 0.99649730,
2025.3591, 0.99656827,
2025.4000, 0.99701612,
2025.4204, 0.99709216,
2025.4409, 0.99741339,
2025.4613, 0.99748281,
2025.4817, 0.99786177,
2025.5022, 0.99807519,
2025.5226, 0.99824573,
2025.5430, 0.99855205,
2025.5634, 0.99842776,
2025.5839, 0.99828703,
2025.6043, 0.99886814,
2025.6860, 1.0001435,
2025.7065, 1.0003034,
2025.7269, 1.0005264,
2025.7473, 1.0006357,
2025.7678, 1.0008136,
2025.7882, 1.0012465,
2025.8086, 1.0014344,
2025.8291, 1.0018713,
2025.8495, 1.0019869,
2025.8904, 1.0022598,
2025.9108, 1.0027815,
2025.9312, 1.0028630,
2025.9517, 1.0034015,
2025.9721, 1.0032617,
2025.9925, 1.0036059,
2026.0129, 1.0037355,
2026.0334, 1.0039172,
2026.0538, 1.0043028,
2026.0742, 1.0044561,
2026.0947, 1.0047537,
2026.1560, 1.0053959,
2026.1764, 1.0057732,
2026.1968, 1.0060964,
2026.2173, 1.0063024,
2026.2377, 1.0064677,
2026.2581, 1.0067665,
2026.2786, 1.0070510,
2026.2990, 1.0073756,
2026.3194, 1.0074550,
2026.3399, 1.0077616,
2026.4011, 1.0083114,
2026.4216, 1.0087664,
2026.4420, 1.0085380,
2026.4624, 1.0091001,
2026.4829, 1.0093855,
2026.5033, 1.0096373,
2026.5237, 1.0098962,
2026.5442, 1.0101367,
2026.5646, 1.0103594,
2026.5850, 1.0105597,
2026.6055, 1.0107480,
2026.6259, 1.0109236,
2026.6463, 1.0111419,
2026.6668, 1.0114072,
2026.6872, 1.0115223,
2026.7076, 1.0117119,
2026.7281, 1.0117558,
2026.7485, 1.0121392,
2026.7689, 1.0120870,
2026.7893, 1.0125173,
2026.8098, 1.0125137,
2026.8302, 1.0129014,
2026.8711, 1.0131688,
2026.8915, 1.0130784,
2026.9119, 1.0132916,
2026.9324, 1.0135791,
2026.9528, 1.0136363,
2026.9732, 1.0137345,
2026.9937, 1.0138558,
2027.0141, 1.0140347,
2027.0345, 1.0143823,
2027.0550, 1.0145696,
2027.1163, 1.0146832,
2027.1367, 1.0147914,
2027.1571, 1.0148916,
2027.1776, 1.0149922,
2027.1980, 1.0152057,
2027.2184, 1.0152483,
2027.2388, 1.0152284,
2027.2593, 1.0155702,
2027.2797, 1.0156124,
2027.3001, 1.0156303,
2027.3206, 1.0159621,
2027.3819, 1.0154459,
2027.4023, 1.0156154,
2027.4227, 1.0162757,
2027.4432, 1.0160504,
2027.4636, 1.0162588,
2027.4840, 1.0162101,
2027.5045, 1.0163173,
2027.5249, 1.0162357,
2027.5453, 1.0163584,
2027.5658, 1.0164346,
2027.6270, 1.0164919,
2027.6475, 1.0164096,
2027.6679, 1.0164881,
2027.6883, 1.0164267,
2027.7088, 1.0165515,
2027.7292, 1.0165974,
2027.7496, 1.0166090,
2027.7701, 1.0167089,
2027.7905, 1.0164963,
2027.8109, 1.0166840,
2027.8722, 1.0162212,
2027.8927, 1.0165918,
2027.9131, 1.0166398,
2027.9335, 1.0169679,
2027.9540, 1.0169275,
2027.9948, 1.0161777,
2028.0152, 1.0163874,
2028.0357, 1.0164228,
2028.0561, 1.0165578,
2028.0765, 1.0166513,
2028.0970, 1.0164616,
2028.1787, 1.0164557,
2028.1991, 1.0162381,
2028.2196, 1.0162543,
2028.2400, 1.0161915,
2028.2604, 1.0161042,
2028.2809, 1.0161659,
2028.3422, 1.0160831,
2028.3626, 1.0159265,
2028.3830, 1.0160178,
2028.4035, 1.0158977,
2028.4239, 1.0156305,
2028.4443, 1.0157191,
2028.4647, 1.0156452,
2028.4852, 1.0155497,
2028.5056, 1.0154783,
2028.5260, 1.0154443,
2028.5465, 1.0153719,
2028.6078, 1.0152185,
2028.6282, 1.0152491,
2028.6486, 1.0152101,
2028.6691, 1.0149729,
2028.6895, 1.0150004,
2028.7099, 1.0151067,
2028.7508, 1.0146913,
2028.7712, 1.0145180,
2028.7917, 1.0145228,
2028.8529, 1.0145921,
2028.8734, 1.0141555,
2028.8938, 1.0142850,
2028.9142, 1.0139951,
2028.9347, 1.0138797,
2028.9755, 1.0139302,
2028.9960, 1.0140646,
2029.0164, 1.0135894,
2029.0368, 1.0136721,
2029.0573, 1.0137053,
2029.0777, 1.0134689,
2029.0981, 1.0134344,
2029.1186, 1.0131157,
2029.1390, 1.0130821,
2029.1594, 1.0129330,
2029.1799, 1.0127091,
2029.2003, 1.0128475,
2029.2207, 1.0127348,
2029.2411, 1.0125250,
2029.2616, 1.0125059,
2029.2820, 1.0124171,
2029.3433, 1.0120023,
2029.3637, 1.0120409,
2029.3842, 1.0120414,
2029.4046, 1.0117995,
2029.4250, 1.0117274,
2029.4455, 1.0115053,
2029.4659, 1.0113313,
2029.4863, 1.0111185,
2029.5068, 1.0111375,
2029.5272, 1.0109888,
2029.5885, 1.0109088,
2029.6089, 1.0106461,
2029.6294, 1.0105857,
2029.6498, 1.0104953,
2029.6702, 1.0104140,
2029.6906, 1.0104431,
2029.7111, 1.0102383,
2029.7315, 1.0100407,
2029.7519, 1.0099638,
2029.7724, 1.0099423,
2029.8337, 1.0096513,
2029.8541, 1.0096469,
2029.8745, 1.0093221,
2029.8950, 1.0094585,
2029.9154, 1.0092747,
2029.9358, 1.0092344,
2029.9563, 1.0091008,
2029.9767, 1.0089411,
2029.9971, 1.0089586,
2030.0584, 1.0081814,
2030.0788, 1.0085803,
2030.0993, 1.0086352,
2030.1197, 1.0082951,
2030.1401, 1.0081006,
2030.1606, 1.0076728,
2030.1810, 1.0080068,
2030.2219, 1.0079185,
2030.2423, 1.0079671,
2030.2627, 1.0076910,
2030.2832, 1.0077036,
2030.3036, 1.0076224,
2030.3240, 1.0075504,
2030.3445, 1.0074279,
2030.3649, 1.0073833,
2030.3853, 1.0072727,
2030.4058, 1.0072418,
2030.4262, 1.0070320,
2030.4466, 1.0068798,
2030.4670, 1.0068947,
2030.4875, 1.0069941,
2030.5079, 1.0070217,
2030.5488, 1.0067324,
2030.5692, 1.0067831,
2030.5896, 1.0065198,
2030.6101, 1.0065893,
2030.6305, 1.0063508,
2030.6509, 1.0064176,
2030.6714, 1.0063119,
2030.6918, 1.0062106,
2030.7122, 1.0061637,
2030.7327, 1.0061482,
2030.7531, 1.0060671,
2030.7940, 1.0061255,
2030.8144, 1.0059062,
2030.8348, 1.0057786,
2030.8553, 1.0057918,
2030.8757, 1.0057294,
2030.8961, 1.0056020,
2030.9165, 1.0055192,
2030.9370, 1.0053822,
2030.9574, 1.0054138,
2030.9778, 1.0052843,
2030.9983, 1.0051314,
2031.0596, 1.0050844,
2031.0800, 1.0049226,
2031.1004, 1.0047979,
2031.1209, 1.0046658,
2031.1413, 1.0046343,
2031.1617, 1.0046151,
2031.2026, 1.0044651,
2031.2230, 1.0044156,
2031.2435, 1.0044845,
2031.2843, 1.0042104,
2031.3047, 1.0041084,
2031.3252, 1.0040324,
2031.3456, 1.0039935,
2031.3660, 1.0038165,
2031.3865, 1.0038307,
2031.4069, 1.0038317,
2031.4273, 1.0039158,
2031.4478, 1.0037480,
2031.4682, 1.0037208,
2031.4886, 1.0036996,
2031.5704, 1.0034313,
2031.5908, 1.0033993,
2031.6112, 1.0033377,
2031.6317, 1.0032986,
2031.6521, 1.0034448,
2031.6725, 1.0035860,
2031.6929, 1.0033743,
2031.7134, 1.0032307,
2031.7338, 1.0030827,
2031.7951, 1.0029008,
2031.8155, 1.0030241,
2031.8360, 1.0028387,
2031.8564, 1.0027616,
2031.8768, 1.0026462,
2031.8973, 1.0028193,
2031.9177, 1.0027747,
2031.9381, 1.0027517,
2031.9586, 1.0026091,
2032.0199, 1.0025297,
2032.0403, 1.0028113,
2032.0607, 1.0024027,
2032.0812, 1.0024955,
2032.1016, 1.0024679,
2032.1220, 1.0022249,
2032.1424, 1.0021941,
2032.1629, 1.0022673,
2032.1833, 1.0022521,
2032.2037, 1.0022418,
2032.2242, 1.0021676,
2032.2855, 1.0020441,
2032.3059, 1.0023036,
2032.3263, 1.0020610,
2032.3468, 1.0016329,
2032.3672, 1.0015983,
2032.3876, 1.0015638,
2032.4081, 1.0015827,
2032.4285, 1.0012185,
2032.4489, 1.0011448,
2032.4694, 1.0010650,
2032.4898, 1.0009634,
2032.5102, 1.0011427,
2032.5306, 1.0009246,
2032.5511, 1.0008216,
2032.5715, 1.0008301,
2032.5919, 1.0008955,
2032.6124, 1.0007131,
2032.6328, 1.0003194,
2032.6532, 1.0003851,
2032.6737, 1.0003356,
2032.6941, 0.99996998,
2032.7145, 0.99992210,
2032.7554, 0.99976555,
2032.7758, 0.99973948,
2032.7963, 0.99968322,
2032.8167, 0.99971698,
2032.8371, 0.99948222,
2032.8576, 1.0000513,
2032.8780, 0.99962128,
2032.8984, 0.99944577,
2032.9188, 0.99893802,
2032.9393, 0.99877869,
2032.9597, 0.99869032,
2033.0006, 0.99861604,
2033.0210, 0.99843940,
2033.0414, 0.99839164,
2033.0619, 0.99821850,
2033.0823, 0.99802158,
2033.1027, 0.99776452,
2033.1232, 0.99779633,
2033.1436, 0.99750386,
2033.1640, 0.99720490,
2033.1845, 0.99713379,
2033.2458, 0.99681143,
2033.2662, 0.99671812,
2033.2866, 0.99668555,
2033.3071, 0.99658793,
2033.3275, 0.99628201,
2033.3479, 0.99595395,
2033.3683, 0.99599893,
2033.3888, 0.99566197,
2033.4092, 0.99534857,
2033.4296, 0.99541814,
2033.4501, 0.99518941,
2033.5114, 0.99504804,
2033.5318, 0.99476510,
2033.5522, 0.99478482,
2033.5727, 0.99447673,
2033.5931, 0.99449808,
2033.6135, 0.99424478,
2033.6340, 0.99417598,
2033.6544, 0.99390874,
2033.6748, 0.99391211,
2033.6953, 0.99376577,
2033.7361, 0.99327693,
2033.7565, 0.99295826,
2033.7770, 0.99278533,
2033.7974, 0.99270485,
2033.8178, 0.99263371,
2033.8383, 0.99256251,
2033.8587, 0.99209551,
2033.8791, 0.99214578,
2033.8996, 0.99180829,
2033.9200, 0.99173591,
2033.9404, 0.99155163,
2033.9813, 0.99120289,
2034.0017, 0.99081941,
2034.0222, 0.99064319,
2034.0426, 0.99051620,
2034.0630, 0.99062929,
2034.0835, 0.99021480,
2034.1039, 0.99013137,
2034.1243, 0.98990435,
2034.1448, 0.98942778,
2034.1652, 0.98942527,
2034.1856, 0.98936882,
2034.2469, 0.98900339,
2034.2673, 0.98873553,
2034.2878, 0.98861127,
2034.3082, 0.98844464,
2034.3286, 0.98838922,
2034.3491, 0.98834083,
2034.3695, 0.98826350,
2034.3899, 0.98816483,
2034.4104, 0.98798246,
2034.4308, 0.98793435,
2034.4717, 0.98747855,
2034.4921, 0.98735477,
2034.5125, 0.98739426,
2034.5330, 0.98718617,
2034.5534, 0.98729408,
2034.5738, 0.98712016,
2034.5942, 0.98702808,
2034.6147, 0.98708147,
2034.6351, 0.98702105,
2034.6555, 0.98683722,
2034.6760, 0.98701351,
2034.7373, 0.98678114,
2034.7577, 0.98655637,
2034.7781, 0.98643983,
2034.7986, 0.98670326,
2034.8190, 0.98629518,
2034.8394, 0.98627154,
2034.8599, 0.98645330,
2034.8803, 0.98642081,
2034.9007, 0.98659982,
2034.9212, 0.98647859,
2034.9824, 0.98665367,
2035.0029, 0.98663649,
2035.0233, 0.98663520,
2035.0642, 0.98649154,
2035.0846, 0.98666703,
2035.1050, 0.98673511,
2035.1255, 0.98699875,
2035.1459, 0.98705536,
2035.1663, 0.98720689,
2035.2072, 0.98753232,
2035.2276, 0.98755372,
2035.2481, 0.98753637,
2035.2889, 0.98773225,
2035.3094, 0.98775981,
2035.3298, 0.98781940,
2035.3502, 0.98828165,
2035.3707, 0.98839747,
2035.3911, 0.98863476,
2035.4115, 0.98883876,
2035.4728, 0.98931033,
2035.4932, 0.98947307,
2035.5137, 0.98953827,
2035.5341, 0.98989442,
2035.5545, 0.98994948,
2035.5750, 0.99026557,
2035.5954, 0.99035763,
2035.6158, 0.99082773,
2035.6363, 0.99088358,
2035.6567, 0.99112983,
2035.7180, 0.99169266,
2035.7384, 0.99203087,
2035.7589, 0.99225155,
2035.7793, 0.99272241,
2035.7997, 0.99299133,
2035.8201, 0.99308295,
2035.8406, 0.99329842,
2035.8610, 0.99325250,
2035.8814, 0.99377634,
2035.9019, 0.99394738,
2035.9632, 0.99493209,
2035.9836, 0.99529564,
2036.0040, 0.99548367,
2036.0245, 0.99594013,
2036.0449, 0.99623319,
2036.0653, 0.99629577,
2036.0858, 0.99645498,
2036.1062, 0.99687344,
2036.1266, 0.99729271,
2036.1471, 0.99748532,
2036.1879, 0.99823539,
2036.2084, 0.99848763,
2036.2288, 0.99895350,
2036.2492, 0.99913860,
2036.2696, 0.99936327,
2036.2901, 0.99962272,
2036.3105, 1.0000467,
2036.3309, 1.0004011,
2036.3514, 1.0005452,
2036.3718, 1.0008872,
2036.3922, 1.0009653,
2036.4535, 1.0020865,
2036.4740, 1.0025199,
2036.4944, 1.0028754,
2036.5148, 1.0031987,
2036.5353, 1.0035687,
2036.5557, 1.0037918,
2036.5761, 1.0042186,
2036.5966, 1.0044785,
2036.6170, 1.0047394,
2036.6374, 1.0050404,
2036.6987, 1.0059177,
2036.7191, 1.0061798,
2036.7396, 1.0066043,
2036.7600, 1.0068576,
2036.7804, 1.0070894,
2036.8009, 1.0075295,
2036.8213, 1.0077585,
2036.8417, 1.0079440,
2036.8622, 1.0081849,
2036.8826, 1.0082841,
2036.9439, 1.0090566,
2036.9643, 1.0092611,
2036.9848, 1.0096022,
2037.0052, 1.0098605,
2037.0256, 1.0102182,
2037.0460, 1.0104572,
2037.0665, 1.0107314,
2037.0869, 1.0108815,
2037.1073, 1.0110923,
2037.1278, 1.0111499,
2037.1891, 1.0120065,
2037.2095, 1.0120278,
2037.2299, 1.0121556,
2037.2504, 1.0121919,
2037.2708, 1.0124967,
2037.2912, 1.0126118,
2037.3117, 1.0130391,
2037.3321, 1.0133280,
2037.3525, 1.0134346,
2037.3730, 1.0136095,
2037.4343, 1.0140221,
2037.4547, 1.0142754,
2037.4751, 1.0144371,
2037.5160, 1.0147246,
2037.5364, 1.0150231,
2037.5568, 1.0149806,
2037.5773, 1.0152966,
2037.5977, 1.0154554,
2037.6181, 1.0156249,
2037.6794, 1.0158453,
2037.6999, 1.0158082,
2037.7203, 1.0160195,
2037.7407, 1.0163670,
2037.7612, 1.0163354,
2037.7816, 1.0165255,
2037.8020, 1.0165481,
2037.8225, 1.0165699,
2037.8429, 1.0168796,
2037.8633, 1.0168520,
2037.9042, 1.0169380,
2037.9246, 1.0170736,
2037.9450, 1.0170804,
2037.9655, 1.0172246,
2037.9859, 1.0174442,
2038.0063, 1.0174657,
2038.0268, 1.0175137,
2038.0472, 1.0175010,
2038.0676, 1.0174616,
2038.0881, 1.0176473,
2038.1698, 1.0179297,
2038.1902, 1.0178943,
2038.2107, 1.0179931,
2038.2311, 1.0178209,
2038.2515, 1.0178777,
2038.2720, 1.0179398,
2038.2924, 1.0177403,
2038.3128, 1.0177996,
2038.3332, 1.0177201,
2038.3537, 1.0179002,
2038.3741, 1.0178824,
2038.3945, 1.0179998,
2038.4150, 1.0180868,
2038.4354, 1.0181533,
2038.4558, 1.0181002,
2038.4763, 1.0179272,
2038.4967, 1.0180673,
2038.5171, 1.0179469,
2038.5376, 1.0180473,
2038.5580, 1.0179019,
2038.5784, 1.0179980,
2038.5989, 1.0178170,
2038.6602, 1.0179235,
2038.6806, 1.0179609,
2038.7010, 1.0180667,
2038.7214, 1.0181126,
2038.7419, 1.0182034,
2038.7623, 1.0180946,
2038.7827, 1.0180896,
2038.8032, 1.0178948,
2038.8236, 1.0178771,
2038.8440, 1.0178194,
2038.8849, 1.0178757,
2038.9053, 1.0178928,
2038.9258, 1.0178387,
2038.9462, 1.0178319,
2038.9666, 1.0177735,
2038.9871, 1.0176270,
2039.0075, 1.0176594,
2039.0279, 1.0174163,
2039.0484, 1.0174625,
2039.0688, 1.0174797,
2039.1301, 1.0174538,
2039.1505, 1.0175662,
2039.1709, 1.0173125,
2039.1914, 1.0173574,
2039.2118, 1.0173564,
2039.2322, 1.0170808,
2039.2527, 1.0170411,
2039.2731, 1.0168018,
2039.2935, 1.0165203,
2039.3140, 1.0167915,
2039.3344, 1.0167053,
2039.4161, 1.0166988,
2039.4366, 1.0165900,
2039.4570, 1.0165298,
2039.4774, 1.0164635,
2039.4979, 1.0162731,
2039.5183, 1.0162007,
2039.5387, 1.0160886,
2039.5591, 1.0159621,
2039.5796, 1.0159220,
2039.6000, 1.0158464,
2039.6204, 1.0159464,
2039.6409, 1.0156870,
2039.7022, 1.0153807,
2039.7226, 1.0151025,
2039.7430, 1.0152225,
2039.7635, 1.0147822,
2039.7839, 1.0146878,
2039.8043, 1.0143266,
2039.8248, 1.0144321,
2039.8861, 1.0138566,
2039.9065, 1.0137795,
2039.9269, 1.0136811,
2039.9473, 1.0136883,
2039.9678, 1.0134817,
2039.9882, 1.0133039,
2040.0086, 1.0133530,
2040.0291, 1.0131434,
2040.0495, 1.0130668,
2040.0699, 1.0125452,
2040.1108, 1.0123653,
2040.1312, 1.0123158,
2040.1517, 1.0123183,
2040.1721, 1.0121760,
2040.1925, 1.0118943,
2040.2130, 1.0117679,
2040.2334, 1.0114482,
2040.2538, 1.0114144,
2040.2743, 1.0112446,
2040.2947, 1.0109174,
2040.3151, 1.0109609,
2040.3764, 1.0104185,
2040.3968, 1.0102146,
2040.4173, 1.0101615,
2040.4377, 1.0102493,
2040.4581, 1.0101225,
2040.4786, 1.0097685,
2040.4990, 1.0095735,
2040.5194, 1.0093520,
2040.5399, 1.0093602,
2040.5603, 1.0089355,
2040.6012, 1.0087741,
2040.6216, 1.0086733,
2040.6420, 1.0084808,
2040.6625, 1.0082957,
2040.6829, 1.0082391,
2040.7033, 1.0081656,
2040.7238, 1.0079653,
2040.7646, 1.0077701,
2040.7850, 1.0075993,
2040.8463, 1.0071539,
2040.8668, 1.0071396,
2040.8872, 1.0070951,
2040.9076, 1.0069280,
2040.9281, 1.0068027,
2040.9485, 1.0066181,
2040.9689, 1.0066792,
2040.9894, 1.0062977,
2041.0098, 1.0062770,
2041.0302, 1.0061336,
2041.0507, 1.0059775,
2041.0915, 1.0059651,
2041.1120, 1.0058908,
2041.1324, 1.0058377,
2041.1528, 1.0055557,
2041.1733, 1.0054615,
2041.2141, 1.0053194,
2041.2345, 1.0050452,
2041.2550, 1.0050684,
2041.2754, 1.0048194,
2041.2958, 1.0049053,
2041.3776, 1.0047307,
2041.3980, 1.0047407,
2041.4184, 1.0042402,
2041.4389, 1.0042826,
2041.4593, 1.0043119,
2041.4797, 1.0043772,
2041.5002, 1.0041717,
2041.5206, 1.0042739,
2041.5410, 1.0040250,
2041.5615, 1.0039398,
2041.5819, 1.0038839,
2041.6023, 1.0039207,
2041.6227, 1.0037697,
2041.6432, 1.0039260,
2041.6636, 1.0037624,
2041.6840, 1.0036080,
2041.7045, 1.0036287,
2041.7453, 1.0035701,
2041.7658, 1.0035692,
2041.7862, 1.0031722,
2041.8271, 1.0032979,
2041.8475, 1.0032658,
2041.8679, 1.0033379,
2041.8884, 1.0031297,
2041.9088, 1.0032603,
2041.9292, 1.0031862,
2041.9497, 1.0029707,
2041.9701, 1.0031794,
2041.9905, 1.0030910,
2042.0110, 1.0032137,
2042.0314, 1.0029969,
2042.0927, 1.0028655,
2042.1131, 1.0028546,
2042.1335, 1.0028044,
2042.1540, 1.0028999,
2042.1744, 1.0027320,
2042.1948, 1.0029693,
2042.2153, 1.0028927,
2042.2357, 1.0030352,
2042.2561, 1.0030353,
2042.3379, 1.0029385,
2042.3583, 1.0031074,
2042.3787, 1.0028159,
2042.3992, 1.0031031,
2042.4196, 1.0030249,
2042.4400, 1.0030553,
2042.4605, 1.0030158,
2042.4809, 1.0029544,
2042.5013, 1.0030490,
2042.5217, 1.0031045,
2042.5422, 1.0030819,
2042.5626, 1.0030764,
2042.5830, 1.0031220,
2042.6035, 1.0031588,
2042.6239, 1.0032095,
2042.6443, 1.0031431,
2042.6648, 1.0030965,
2042.6852, 1.0030211,
2042.7056, 1.0028426,
2042.7261, 1.0027737,
2042.7465, 1.0028082,
2042.7669, 1.0029558,
2042.8282, 1.0027281,
2042.8487, 1.0026313,
2042.8691, 1.0025903,
2042.8895, 1.0026055,
2042.9099, 1.0027880,
2042.9304, 1.0025673,
2042.9508, 1.0025134,
2042.9712, 1.0025218,
2042.9917, 1.0022663,
2043.0121, 1.0019961,
2043.0734, 1.0019604,
2043.0938, 1.0018323,
2043.1143, 1.0018327,
2043.1347, 1.0017053,
2043.1551, 1.0015813,
2043.1756, 1.0018490,
2043.1960, 1.0016510,
2043.2164, 1.0015553,
2043.2369, 1.0014182,
2043.2573, 1.0014010,
2043.3186, 1.0011370,
2043.3390, 1.0009827,
2043.3594, 1.0009863,
2043.3799, 1.0010785,
2043.4003, 1.0007395,
2043.4207, 1.0007238,
2043.4412, 1.0005461,
2043.4616, 1.0004566,
2043.4820, 1.0004961,
2043.5025, 1.0003084,
2043.5433, 0.99995883,
2043.5638, 0.99972518,
2043.5842, 0.99964479,
2043.6046, 0.99933550,
2043.6251, 0.99937655,
2043.6455, 0.99916865,
2043.6659, 0.99895343,
2043.6864, 0.99875652,
2043.7068, 0.99831814,
2043.7272, 0.99839105,
2043.7476, 0.99826686,
2043.7885, 0.99775512,
2043.8089, 0.99772476,
2043.8294, 0.99753436,
2043.8498, 0.99744567,
2043.8702, 0.99726287,
2043.8907, 0.99711187,
2043.9111, 0.99697375,
2043.9315, 0.99682057,
2043.9520, 0.99662806,
2043.9724, 0.99628446,
2043.9928, 0.99601006,
2044.0337, 0.99575082,
2044.0541, 0.99566971,
2044.0746, 0.99524329,
2044.0950, 0.99520242,
2044.1154, 0.99496567,
2044.1359, 0.99462935,
2044.1563, 0.99434350,
2044.1767, 0.99424741,
2044.1971, 0.99328892,
2044.2176, 0.99355604,
2044.2380, 0.99358633,
2044.2993, 0.99268747,
2044.3197, 0.99264757,
2044.3402, 0.99239808,
2044.3606, 0.99261577,
2044.3810, 0.99233094,
2044.4015, 0.99187917,
2044.4219, 0.99170292,
2044.4423, 0.99149130,
2044.4628, 0.99119660,
2044.5445, 0.99039227,
2044.5854, 0.98988004,
2044.6058, 0.98996977,
2044.6262, 0.98980740,
2044.6466, 0.98966078,
2044.6671, 0.98953217,
2044.6875, 0.98920825,
2044.7079, 0.98917027,
2044.7284, 0.98887277,
2044.7488, 0.98875575,
2044.7692, 0.98851007,
2044.7897, 0.98842420,
2044.8101, 0.98841632,
2044.8305, 0.98810879,
2044.8510, 0.98796732,
2044.8714, 0.98797892,
2044.8918, 0.98777719,
2044.9123, 0.98718060,
2044.9327, 0.98738928,
2044.9531, 0.98745776,
2045.0553, 0.98684179,
2045.0757, 0.98678210,
2045.0961, 0.98651168,
2045.1166, 0.98639963,
2045.1574, 0.98643959,
2045.1779, 0.98618251,
2045.1983, 0.98599537,
2045.2800, 0.98619909,
2045.3005, 0.98650978,
2045.3209, 0.98621335,
2045.3413, 0.98607927,
2045.3618, 0.98607420,
2045.3822, 0.98608169,
2045.4026, 0.98606895,
2045.4231, 0.98625605,
2045.4435, 0.98623836,
2045.4639, 0.98618602,
2045.5252, 0.98645531,
2045.5456, 0.98666728,
2045.5661, 0.98644398,
2045.5865, 0.98664182,
2045.6069, 0.98716483,
2045.6274, 0.98719676,
2045.6478, 0.98745011,
2045.6682, 0.98736747,
2045.6887, 0.98746683,
2045.7091, 0.98788381,
2045.7295, 0.98810294,
2045.7500, 0.98816273,
2045.7908, 0.98850970,
2045.8113, 0.98854647,
2045.8317, 0.98877064,
2045.8521, 0.98900282,
2045.8725, 0.98919421,
2045.8930, 0.98946194,
2045.9134, 0.98968576,
2045.9338, 0.99013882,
2045.9543, 0.99032961,
2046.0156, 0.99086129,
2046.0360, 0.99122338,
2046.0564, 0.99136324,
2046.0769, 0.99169512,
2046.0973, 0.99210260,
2046.1177, 0.99234457,
2046.1382, 0.99290795,
2046.1586, 0.99321238,
2046.1790, 0.99310671,
2046.1995, 0.99365214,
2046.2608, 0.99437045,
2046.2812, 0.99454216,
2046.3016, 0.99489487,
2046.3220, 0.99516165,
2046.3425, 0.99550371,
2046.3629, 0.99588658,
2046.3833, 0.99617188,
2046.4038, 0.99637493,
2046.4242, 0.99665185,
2046.4446, 0.99763807,
2046.4855, 0.99757726,
2046.5059, 0.99818897,
2046.5264, 0.99825248,
2046.5468, 0.99858146,
2046.5672, 0.99891358,
2046.5877, 0.99929389,
2046.6081, 0.99950754,
2046.6285, 0.99977285,
2046.6490, 1.0001866,
2046.6694, 1.0005152,
2046.6898, 1.0007522,
2046.7307, 1.0015859,
2046.7511, 1.0018209,
2046.7715, 1.0022131,
2046.7920, 1.0025082,
2046.8124, 1.0026420,
2046.8328, 1.0030325,
2046.8533, 1.0036329,
2046.8737, 1.0034831,
2046.8941, 1.0038945,
2046.9146, 1.0041846,
2046.9350, 1.0044246,
2046.9963, 1.0056221,
2047.0167, 1.0055486,
2047.0372, 1.0059114,
2047.0576, 1.0062347,
2047.0780, 1.0064627,
2047.0985, 1.0069566,
2047.1189, 1.0070381,
2047.1393, 1.0073023,
2047.1598, 1.0076398,
2047.1802, 1.0078857,
2047.2415, 1.0083798,
2047.2619, 1.0087837,
2047.2823, 1.0089881,
2047.3028, 1.0091846,
2047.3232, 1.0096462,
2047.3436, 1.0097214,
2047.3641, 1.0098979,
2047.3845, 1.0103880,
2047.4049, 1.0105731,
2047.4254, 1.0107895,
2047.4867, 1.0112437,
2047.5071, 1.0112702,
2047.5275, 1.0115546,
2047.5480, 1.0119273,
2047.5684, 1.0120797,
2047.5888, 1.0121581,
2047.6092, 1.0122310,
2047.6297, 1.0123049,
2047.6501, 1.0125655,
2047.6705, 1.0127510,
2047.6910, 1.0131307,
2047.7114, 1.0132911,
2047.7318, 1.0133122,
2047.7523, 1.0133276,
2047.7727, 1.0135533,
2047.7931, 1.0137273,
2047.8136, 1.0139100,
2047.8340, 1.0141408,
2047.8544, 1.0141147,
2047.8749, 1.0144670,
2047.8953, 1.0143949,
2047.9157, 1.0145225,
2047.9770, 1.0146693,
2047.9975, 1.0150040,
2048.0179, 1.0150175,
2048.0383, 1.0149819,
2048.0587, 1.0151384,
2048.0792, 1.0152416,
2048.0996, 1.0153386,
2048.1200, 1.0154132,
2048.1405, 1.0154245,
2048.1609, 1.0156142,
2048.1813, 1.0155536,
2048.2018, 1.0157125,
2048.2222, 1.0157891,
2048.2426, 1.0158594,
2048.2631, 1.0158853,
2048.2835, 1.0160404,
2048.3039, 1.0161504,
2048.3244, 1.0161806,
2048.3448, 1.0163299,
2048.3652, 1.0160625,
2048.3857, 1.0162498,
2048.4061, 1.0164495,
2048.4674, 1.0163278,
2048.4878, 1.0165102,
2048.5082, 1.0166605,
2048.5287, 1.0167566,
2048.5491, 1.0168332,
2048.5695, 1.0166250,
2048.5900, 1.0166642,
2048.6104, 1.0166365,
2048.6308, 1.0168177,
2048.7126, 1.0167837,
2048.7330, 1.0168856,
2048.7534, 1.0169951,
2048.7739, 1.0167895,
2048.7943, 1.0168537,
2048.8147, 1.0168732,
2048.8352, 1.0169215,
2048.8556, 1.0170827,
2048.8760, 1.0169528,
2048.8965, 1.0169075,
2048.9169, 1.0168723,
2048.9373, 1.0170065,
2048.9577, 1.0168927,
2048.9782, 1.0169149,
2048.9986, 1.0169478,
2049.0190, 1.0167476,
2049.0395, 1.0169325,
2049.0599, 1.0169878,
2049.0803, 1.0167349,
2049.1008, 1.0165167,
2049.1212, 1.0168704,
2049.1416, 1.0167211,
2049.2029, 1.0168106,
2049.2234, 1.0169676,
2049.2438, 1.0164691,
2049.2642, 1.0165412,
2049.2847, 1.0161962,
2049.3051, 1.0164131,
2049.3255, 1.0164636,
2049.3459, 1.0166003,
2049.3664, 1.0163122,
2049.3868, 1.0163159,
2049.4072, 1.0163570,
2049.4277, 1.0164698,
2049.4481, 1.0162827,
2049.4685, 1.0164775,
2049.4890, 1.0163348,
2049.5094, 1.0163007,
2049.5298, 1.0162530,
2049.5503, 1.0161807,
2049.5707, 1.0161719,
2049.5911, 1.0162408,
2049.6116, 1.0159802,
2049.6320, 1.0157071,
2049.6729, 1.0156647,
2049.6933, 1.0156834,
2049.7137, 1.0156762,
2049.7342, 1.0156378,
2049.7546, 1.0155828,
2049.7750, 1.0155282,
2049.7954, 1.0154171,
2049.8159, 1.0153776,
2049.8567, 1.0153097,
2049.8772, 1.0150086,
2049.9180, 1.0149148,
2049.9385, 1.0146946,
2049.9589, 1.0146395,
2049.9793, 1.0146085,
2049.9998, 1.0145808,
2050.0202, 1.0143882,
2050.0406, 1.0142314,
2050.0611, 1.0139655,
2050.0815, 1.0142250,
2050.1019, 1.0139604,
2050.1224, 1.0138688,
2050.1632, 1.0135153,
2050.1837, 1.0132974,
2050.2041, 1.0132290,
2050.2245, 1.0132488,
2050.2449, 1.0132704,
2050.2654, 1.0129371,
2050.3062, 1.0125887,
2050.3267, 1.0124094,
2050.3471, 1.0121457,
2050.3675, 1.0121208,
2050.4084, 1.0118983,
2050.4288, 1.0116971,
2050.4493, 1.0116715,
2050.4697, 1.0113331,
2050.4901, 1.0113723,
2050.5106, 1.0113547,
2050.5310, 1.0111548,
2050.5514, 1.0110378,
2050.5719, 1.0108247,
2050.5923, 1.0105638,
2050.6127, 1.0102657,
2050.6536, 1.0103090,
2050.6740, 1.0100224,
2050.6944, 1.0100981,
2050.7149, 1.0097360,
2050.7353, 1.0097413,
2050.7557, 1.0094902,
2050.7762, 1.0094733,
2050.7966, 1.0092842,
2050.8170, 1.0091811,
2050.8375, 1.0086856,
2050.8579, 1.0087878,
2050.9192, 1.0078255,
2050.9396, 1.0079942,
2050.9601, 1.0083341,
2050.9805, 1.0088117,
2051.0009, 1.0080208,
2051.0214, 1.0078882,
2051.0418, 1.0075852,
2051.0622, 1.0077017,
2051.0827, 1.0073671,
2051.1031, 1.0073235,
2051.1439, 1.0071418,
2051.1644, 1.0073157,
2051.1848, 1.0069309,
2051.2052, 1.0066055,
2051.2257, 1.0065499,
2051.2461, 1.0062949,
2051.2665, 1.0062620,
2051.2870, 1.0060666,
2051.3074, 1.0062543,
2051.3278, 1.0061666,
2051.3483, 1.0059638,
2051.3687, 1.0058020,
2051.3891, 1.0056098,
2051.4096, 1.0055176,
2051.4300, 1.0056192,
2051.4504, 1.0055391,
2051.4709, 1.0053701,
2051.4913, 1.0051758,
2051.5117, 1.0052171,
2051.5322, 1.0049961,
2051.5526, 1.0049151,
2051.5730, 1.0049373,
2051.5934, 1.0048200,
2051.6343, 1.0047386,
2051.6547, 1.0046587,
2051.6752, 1.0044343,
2051.6956, 1.0044651,
2051.7160, 1.0044272,
2051.7365, 1.0044120,
2051.7569, 1.0045004,
2051.7773, 1.0042541,
2051.7978, 1.0043341,
2051.8182, 1.0043430,
2051.8386, 1.0041794,
2051.8795, 1.0041627,
2051.8999, 1.0045267,
2051.9204, 1.0045108,
2051.9408, 1.0043169,
2051.9612, 1.0043452,
2051.9817, 1.0041749,
2052.0021, 1.0042806,
2052.0225, 1.0042511,
2052.0429, 1.0044197,
2052.0634, 1.0043291,
2052.0838, 1.0044497,
2052.1247, 1.0043888,
2052.1451, 1.0043946,
2052.1655, 1.0043577,
2052.1860, 1.0043644,
2052.2064, 1.0041472,
2052.2473, 1.0046047,
2052.2881, 1.0044501,
2052.3086, 1.0044309,
2052.3290, 1.0044977,
2052.3699, 1.0045401,
2052.3903, 1.0043763,
2052.4107, 1.0044846,
2052.4312, 1.0045460,
2052.4720, 1.0046974,
2052.4924, 1.0047872,
2052.5129, 1.0048948,
2052.5333, 1.0047819,
2052.5537, 1.0048302,
2052.5742, 1.0049095,
2052.6150, 1.0049906,
2052.6355, 1.0050093,
2052.6559, 1.0049729,
2052.6763, 1.0052858,
2052.6968, 1.0052711,
2052.7172, 1.0050546,
2052.7581, 1.0053142,
2052.7785, 1.0053675,
2052.7989, 1.0054030,
2052.8194, 1.0053505,
2052.8602, 1.0056440,
2052.8807, 1.0056501,
2052.9011, 1.0053440,
2052.9215, 1.0053428,
2052.9419, 1.0055253,
2052.9624, 1.0056622,
2052.9828, 1.0057154,
2053.0032, 1.0055425,
2053.0237, 1.0056204,
2053.0441, 1.0056948,
2053.0645, 1.0056728,
2053.1054, 1.0041978,
2053.1463, 1.0057305,
2053.1667, 1.0055789,
2053.1871, 1.0056659,
2053.2076, 1.0053999,
2053.2280, 1.0054306,
2053.2484, 1.0054816,
2053.2689, 1.0053772,
2053.2893, 1.0052677,
2053.3097, 1.0052752,
2053.3506, 1.0051489,
2053.3710, 1.0051533,
2053.3914, 1.0054363,
2053.4119, 1.0055190,
2053.4323, 1.0052763,
2053.4527, 1.0050473,
2053.4936, 1.0047852,
2053.5140, 1.0046783,
2053.5345, 1.0048441,
2053.5549, 1.0047341,
2053.5958, 1.0045676,
2053.6162, 1.0044039,
2053.6366, 1.0043317,
2053.6571, 1.0042435,
2053.6775, 1.0042139,
2053.6979, 1.0040758,
2053.7184, 1.0040209,
2053.7388, 1.0038880,
2053.7592, 1.0040228,
2053.8001, 1.0037974,
2053.8409, 1.0035945,
2053.8614, 1.0034350,
2053.8818, 1.0034054,
2053.9022, 1.0032463,
2053.9227, 1.0031144,
2053.9431, 1.0031166,
2053.9635, 1.0028446,
2053.9840, 1.0028103,
2054.0044, 1.0028135,
2054.0248, 1.0023862,
2054.0453, 1.0024548,
2054.0861, 1.0019786,
2054.1066, 1.0019512,
2054.1270, 1.0017464,
2054.1474, 1.0016528,
2054.1679, 1.0013666,
2054.1883, 1.0012819,
2054.2087, 1.0012089,
2054.2292, 1.0011893,
2054.2496, 1.0009725,
2054.2700, 1.0008481,
2054.2904, 1.0006870,
2054.3313, 1.0003880,
2054.3517, 1.0002480,
2054.3722, 1.0000387,
2054.3926, 1.0000595,
2054.4130, 0.99990866,
2054.4335, 0.99956885,
2054.4539, 0.99947233,
2054.4743, 0.99926006,
2054.4948, 0.99912442,
2054.5152, 0.99911836,
2054.5356, 0.99888446,
2054.5765, 0.99844481,
2054.5969, 0.99810636,
2054.6174, 0.99804264,
2054.6378, 0.99798202,
2054.6787, 0.99748962,
2054.6991, 0.99729729,
2054.7195, 0.99715384,
2054.7399, 0.99724313,
2054.7604, 0.99665273,
2054.7808, 0.99663232,
2054.8217, 0.99644874,
2054.8421, 0.99617023,
2054.8625, 0.99598868,
2054.8830, 0.99595821,
2054.9034, 0.99572343,
2054.9238, 0.99563442,
2054.9443, 0.99544123,
2054.9647, 0.99530959,
2054.9851, 0.99505114,
2055.0056, 0.99483020,
2055.0260, 0.99470305,
2055.0873, 0.99443904,
2055.1077, 0.99432045,
2055.1282, 0.99431197,
2055.1486, 0.99419856,
2055.1690, 0.99400598,
2055.1894, 0.99385241,
2055.2099, 0.99364129,
2055.2303, 0.99381770,
2055.2507, 0.99372742,
2055.2712, 0.99333961,
2055.2916, 0.99327890,
2055.3120, 0.99307232,
2055.3325, 0.99307015,
2055.3529, 0.99285058,
2055.3733, 0.99280615,
2055.3938, 0.99296782,
2055.4142, 0.99279507,
2055.4346, 0.99272987,
2055.4551, 0.99273120,
2055.4755, 0.99260728,
2055.4959, 0.99247730,
2055.5164, 0.99259000,
2055.5572, 0.99233196,
2055.5777, 0.99238153,
2055.5981, 0.99231176,
2055.6185, 0.99239862,
2055.6389, 0.99243998,
2055.6594, 0.99232578,
2055.6798, 0.99225433,
2055.7002, 0.99222115,
2055.7411, 0.99222199,
2055.7615, 0.99244387,
2055.8024, 0.99232815,
2055.8228, 0.99258210,
2055.8433, 0.99250275,
2055.8637, 0.99261268,
2055.8841, 0.99261693,
2055.9046, 0.99281648,
2055.9250, 0.99283372,
2055.9454, 0.99308819,
2055.9659, 0.99298440,
2055.9863, 0.99308623,
2056.0067, 0.99317347,
2056.0680, 0.99325606,
2056.0884, 0.99345889,
2056.1293, 0.99369501,
2056.1497, 0.99365158,
2056.1702, 0.99391197,
2056.1906, 0.99436869,
2056.2110, 0.99453828,
2056.2315, 0.99473885,
2056.2519, 0.99499999,
2056.2723, 0.99516798,
2056.2928, 0.99514141,
2056.3132, 0.99534760,
2056.3336, 0.99553982,
2056.3541, 0.99560795,
2056.3745, 0.99587283,
2056.3949, 0.99610271,
2056.4154, 0.99608521,
2056.4358, 0.99639119,
2056.4562, 0.99652675,
2056.4767, 0.99687905,
2056.4971, 0.99710672,
2056.5380, 0.99753687,
2056.5584, 0.99764369,
2056.5788, 0.99795873,
2056.5992, 0.99806461,
2056.6197, 0.99830173,
2056.6401, 0.99830644,
2056.6605, 0.99855756,
2056.6810, 0.99917224,
2056.7014, 0.99927382,
2056.7218, 0.99948347,
2056.7423, 0.99961303,
2056.7831, 1.0002425,
2056.8036, 1.0005872,
2056.8240, 1.0005582,
2056.8444, 1.0008553,
2056.8649, 1.0010635,
2056.8853, 1.0013950,
2056.9057, 1.0017953,
2056.9262, 1.0018550,
2056.9466, 1.0019429,
2056.9670, 1.0023474,
2056.9875, 1.0023444,
2057.0283, 1.0029560,
2057.0487, 1.0033548,
2057.0692, 1.0034149,
2057.0896, 1.0037501,
2057.1100, 1.0037837,
2057.1305, 1.0040477,
2057.1509, 1.0042722,
2057.1713, 1.0045998,
2057.1918, 1.0048289,
2057.2122, 1.0049747,
2057.2326, 1.0051595,
2057.2939, 1.0054622,
2057.3144, 1.0058807,
2057.3348, 1.0060537,
